A,model,technique,disparate_impact,disparate_impact,disparate_impact,disparate_impact,disparate_impact,disparate_impact,disparate_impact,disparate_impact,disparate_impact,statistical_parity_difference,statistical_parity_difference,statistical_parity_difference,statistical_parity_difference,statistical_parity_difference,statistical_parity_difference,statistical_parity_difference,statistical_parity_difference,statistical_parity_difference,equal_opportunity_difference,equal_opportunity_difference,equal_opportunity_difference,equal_opportunity_difference,equal_opportunity_difference,equal_opportunity_difference,equal_opportunity_difference,equal_opportunity_difference,equal_opportunity_difference,average_abs_odds_difference,average_abs_odds_difference,average_abs_odds_difference,average_abs_odds_difference,average_abs_odds_difference,average_abs_odds_difference,average_abs_odds_difference,average_abs_odds_difference,average_abs_odds_difference,positive_predictive_value,positive_predictive_value,positive_predictive_value,positive_predictive_value,positive_predictive_value,positive_predictive_value,positive_predictive_value,positive_predictive_value,positive_predictive_value,negative_predictive_value,negative_predictive_value,negative_predictive_value,negative_predictive_value,negative_predictive_value,negative_predictive_value,negative_predictive_value,negative_predictive_value,negative_predictive_value,accuracy,accuracy,accuracy,accuracy,accuracy,accuracy,accuracy,accuracy,accuracy,mixa,mixa,mixa,mixa,mixa,mixa,mixa,mixa,mixa,mixy,mixy,mixy,mixy,mixy,mixy,mixy,mixy,mixy
,,,disparate_impact,statistical_parity_difference,equal_opportunity_difference,average_abs_odds_difference,positive_predictive_value,negative_predictive_value,accuracy,mixa,mixy,disparate_impact,statistical_parity_difference,equal_opportunity_difference,average_abs_odds_difference,positive_predictive_value,negative_predictive_value,accuracy,mixa,mixy,disparate_impact,statistical_parity_difference,equal_opportunity_difference,average_abs_odds_difference,positive_predictive_value,negative_predictive_value,accuracy,mixa,mixy,disparate_impact,statistical_parity_difference,equal_opportunity_difference,average_abs_odds_difference,positive_predictive_value,negative_predictive_value,accuracy,mixa,mixy,disparate_impact,statistical_parity_difference,equal_opportunity_difference,average_abs_odds_difference,positive_predictive_value,negative_predictive_value,accuracy,mixa,mixy,disparate_impact,statistical_parity_difference,equal_opportunity_difference,average_abs_odds_difference,positive_predictive_value,negative_predictive_value,accuracy,mixa,mixy,disparate_impact,statistical_parity_difference,equal_opportunity_difference,average_abs_odds_difference,positive_predictive_value,negative_predictive_value,accuracy,mixa,mixy,disparate_impact,statistical_parity_difference,equal_opportunity_difference,average_abs_odds_difference,positive_predictive_value,negative_predictive_value,accuracy,mixa,mixy,disparate_impact,statistical_parity_difference,equal_opportunity_difference,average_abs_odds_difference,positive_predictive_value,negative_predictive_value,accuracy,mixa,mixy
age_bins,<function base_classifier at 0x7f0b7b42e680>,<function maximally_predictive_minimally_demographic at 0x7f0b7b42e560>,1.0,-0.9166666666666666,-0.8666666666666667,0.9666666666666667,-0.6333333333333333,-0.9166666666666666,-0.8166666666666667,-0.724568837309472,0.95,-0.9166666666666666,1.0,0.7833333333333333,-0.95,0.6166666666666667,0.7666666666666667,0.7666666666666667,0.724568837309472,-0.8833333333333333,-0.8666666666666667,0.7833333333333333,1.0,-0.8666666666666667,0.48333333333333334,0.85,0.7166666666666667,0.6210590034081188,-0.8166666666666667,0.9666666666666667,-0.95,-0.8666666666666667,1.0,-0.7,-0.8666666666666667,-0.85,-0.724568837309472,0.9666666666666667,-0.6333333333333333,0.6166666666666667,0.48333333333333334,-0.7,1.0,0.7333333333333333,0.95,0.10350983390135314,-0.8166666666666667,-0.9166666666666666,0.7666666666666667,0.85,-0.8666666666666667,0.7333333333333333,1.0,0.8833333333333333,0.41403933560541256,-0.9,-0.8166666666666667,0.7666666666666667,0.7166666666666667,-0.85,0.95,0.8833333333333333,1.0,0.3105295017040594,-0.9333333333333333,-0.724568837309472,0.724568837309472,0.6210590034081188,-0.724568837309472,0.10350983390135314,0.41403933560541256,0.3105295017040594,1.0,-0.6210590034081188,0.95,-0.8833333333333333,-0.8166666666666667,0.9666666666666667,-0.8166666666666667,-0.9,-0.9333333333333333,-0.6210590034081188,1.0
age_bins,<function base_classifier at 0x7f0b7b42e680>,<function sequential_feature_selection_backward at 0x7f0b7b42e3b0>,1.0,-0.18333333333333332,-0.8166666666666667,0.9666666666666667,-0.8,-1.0,-0.9,,-0.9833333333333333,-0.18333333333333332,1.0,0.4666666666666667,-0.23333333333333334,0.6,0.6904761904761905,0.48333333333333334,,0.16666666666666666,-0.8166666666666667,0.4666666666666667,1.0,-0.8333333333333334,0.7666666666666667,0.8571428571428571,0.85,,0.8,0.9666666666666667,-0.23333333333333334,-0.8333333333333334,1.0,-0.85,-0.9761904761904762,-0.9333333333333333,,-0.9333333333333333,-0.8,0.6,0.7666666666666667,-0.85,1.0,0.9523809523809523,0.95,,0.7666666666666667,-1.0,0.6904761904761905,0.8571428571428571,-0.9761904761904762,0.9523809523809523,1.0,1.0,,0.9761904761904762,-0.9,0.48333333333333334,0.85,-0.9333333333333333,0.95,1.0,1.0,,0.8833333333333333,,,,,,,,,,-0.9833333333333333,0.16666666666666666,0.8,-0.9333333333333333,0.7666666666666667,0.9761904761904762,0.8833333333333333,,1.0
age_bins,<function base_classifier at 0x7f0b7b42e680>,<function sequential_feature_selection_forward at 0x7f0b7b42dea0>,1.0,-0.18333333333333332,-0.8166666666666667,0.9666666666666667,-0.8,-1.0,-0.9,,-0.9833333333333333,-0.18333333333333332,1.0,0.4666666666666667,-0.23333333333333334,0.6,0.6904761904761905,0.48333333333333334,,0.16666666666666666,-0.8166666666666667,0.4666666666666667,1.0,-0.8333333333333334,0.7666666666666667,0.8571428571428571,0.85,,0.8,0.9666666666666667,-0.23333333333333334,-0.8333333333333334,1.0,-0.85,-0.9761904761904762,-0.9333333333333333,,-0.9333333333333333,-0.8,0.6,0.7666666666666667,-0.85,1.0,0.9523809523809523,0.95,,0.7666666666666667,-1.0,0.6904761904761905,0.8571428571428571,-0.9761904761904762,0.9523809523809523,1.0,1.0,,0.9761904761904762,-0.9,0.48333333333333334,0.85,-0.9333333333333333,0.95,1.0,1.0,,0.8833333333333333,,,,,,,,,,-0.9833333333333333,0.16666666666666666,0.8,-0.9333333333333333,0.7666666666666667,0.9761904761904762,0.8833333333333333,,1.0
age_bins,<function base_classifier at 0x7f0b7b42e680>,<function sufficiency_criteria at 0x7f0b7b42e5f0>,1.0,-0.7857142857142857,-0.5714285714285714,0.9523809523809523,0.9700772721497398,-0.9047619047619048,-0.5714285714285714,,0.7857142857142857,-0.7857142857142857,1.0,0.8166666666666667,-0.9166666666666666,-0.8786687791935092,0.8833333333333333,0.9,,-1.0,-0.5714285714285714,0.8166666666666667,1.0,-0.7333333333333333,-0.6861984751796929,0.7,0.6666666666666666,,-0.8166666666666667,0.9523809523809523,-0.9166666666666666,-0.7333333333333333,1.0,0.9790880682441959,-0.9833333333333333,-0.8166666666666667,,0.9166666666666666,0.9700772721497398,-0.8786687791935092,-0.6861984751796929,0.9790880682441959,1.0,-0.9623515200690814,-0.728039845617479,,0.8786687791935092,-0.9047619047619048,0.8833333333333333,0.7,-0.9833333333333333,-0.9623515200690814,1.0,0.8333333333333334,,-0.8833333333333333,-0.5714285714285714,0.9,0.6666666666666666,-0.8166666666666667,-0.728039845617479,0.8333333333333334,1.0,,-0.9,,,,,,,,,,0.7857142857142857,-1.0,-0.8166666666666667,0.9166666666666666,0.8786687791935092,-0.8833333333333333,-0.9,,1.0
age_bins,<function base_classifier at 0x7f0b7b42e680>,<function xy_greater_xa at 0x7f0b7b42dd80>,1.0,-0.9333333333333333,-0.8833333333333333,0.9833333333333333,-0.6166666666666667,-0.9166666666666666,-0.8166666666666667,0.6900655593423543,0.7666666666666667,-0.9333333333333333,1.0,0.7666666666666667,-0.95,0.6166666666666667,0.7833333333333333,0.7833333333333333,-0.7073171983259131,-0.7833333333333333,-0.8833333333333333,0.7666666666666667,1.0,-0.85,0.5,0.8666666666666667,0.7333333333333333,-0.6900655593423543,-0.7833333333333333,0.9833333333333333,-0.95,-0.85,1.0,-0.7,-0.8833333333333333,-0.8666666666666667,0.7073171983259131,0.8333333333333334,-0.6166666666666667,0.6166666666666667,0.5,-0.7,1.0,0.7166666666666667,0.9333333333333333,-0.7935753932437074,-0.7833333333333333,-0.9166666666666666,0.7833333333333333,0.8666666666666667,-0.8833333333333333,0.7166666666666667,1.0,0.8833333333333333,-0.8108270322272663,-0.7666666666666667,-0.8166666666666667,0.7833333333333333,0.7333333333333333,-0.8666666666666667,0.9333333333333333,0.8833333333333333,1.0,-0.8970852271450606,-0.9166666666666666,0.6900655593423543,-0.7073171983259131,-0.6900655593423543,0.7073171983259131,-0.7935753932437074,-0.8108270322272663,-0.8970852271450606,1.0,0.8625819491779428,0.7666666666666667,-0.7833333333333333,-0.7833333333333333,0.8333333333333334,-0.7833333333333333,-0.7666666666666667,-0.9166666666666666,0.8625819491779428,1.0
age_bins,<function fair_classifier at 0x7f0b7b42e710>,<function maximally_predictive_minimally_demographic at 0x7f0b7b42e560>,1.0,0.9833333333333333,0.85,-0.7833333333333333,0.03333333333333333,-0.08333333333333333,0.18333333333333332,-0.724568837309472,-0.016666666666666666,0.9833333333333333,1.0,0.8333333333333334,-0.7666666666666667,0.05,-0.06666666666666667,0.21666666666666667,-0.724568837309472,-0.03333333333333333,0.85,0.8333333333333334,1.0,-0.6833333333333333,0.38333333333333336,0.4,0.48333333333333334,-0.3105295017040594,-0.4166666666666667,-0.7833333333333333,-0.7666666666666667,-0.6833333333333333,1.0,-0.31666666666666665,-0.15,-0.55,0.41403933560541256,0.35,0.03333333333333333,0.05,0.38333333333333336,-0.31666666666666665,1.0,0.85,0.9166666666666666,0.5175491695067657,-0.9333333333333333,-0.08333333333333333,-0.06666666666666667,0.4,-0.15,0.85,1.0,0.8333333333333334,0.724568837309472,-0.95,0.18333333333333332,0.21666666666666667,0.48333333333333334,-0.55,0.9166666666666666,0.8333333333333334,1.0,0.41403933560541256,-0.95,-0.724568837309472,-0.724568837309472,-0.3105295017040594,0.41403933560541256,0.5175491695067657,0.724568837309472,0.41403933560541256,1.0,-0.6210590034081188,-0.016666666666666666,-0.03333333333333333,-0.4166666666666667,0.35,-0.9333333333333333,-0.95,-0.95,-0.6210590034081188,1.0
age_bins,<function fair_classifier at 0x7f0b7b42e710>,<function sequential_feature_selection_backward at 0x7f0b7b42e3b0>,1.0,0.7666666666666667,0.7,-0.5,-0.4166666666666667,-0.31666666666666665,-0.2,,-0.2833333333333333,0.7666666666666667,1.0,0.9,-0.75,-0.016666666666666666,-0.06666666666666667,0.13333333333333333,,-0.05,0.7,0.9,1.0,-0.7,0.21666666666666667,0.26666666666666666,0.38333333333333336,,0.3,-0.5,-0.75,-0.7,1.0,-0.21666666666666667,-0.16666666666666666,-0.48333333333333334,,-0.15,-0.4166666666666667,-0.016666666666666666,0.21666666666666667,-0.21666666666666667,1.0,0.9,0.9333333333333333,,0.8833333333333333,-0.31666666666666665,-0.06666666666666667,0.26666666666666666,-0.16666666666666666,0.9,1.0,0.9,,0.9833333333333333,-0.2,0.13333333333333333,0.38333333333333336,-0.48333333333333334,0.9333333333333333,0.9,1.0,,0.8833333333333333,,,,,,,,,,-0.2833333333333333,-0.05,0.3,-0.15,0.8833333333333333,0.9833333333333333,0.8833333333333333,,1.0
age_bins,<function fair_classifier at 0x7f0b7b42e710>,<function sequential_feature_selection_forward at 0x7f0b7b42dea0>,1.0,0.7333333333333333,0.8619322310183947,-0.8333333333333334,-0.5166666666666667,0.08333333333333333,-0.36666666666666664,,-0.5166666666666667,0.7333333333333333,1.0,0.8284591346681658,-0.9,-0.08333333333333333,0.48333333333333334,0.1,,-0.11666666666666667,0.8619322310183947,0.8284591346681658,1.0,-0.8786687791935092,-0.050209644525343385,0.2677847708018314,0.07531446678801507,,-0.15899720766358738,-0.8333333333333334,-0.9,-0.8786687791935092,1.0,0.2,-0.2,0.0,,0.25,-0.5166666666666667,-0.08333333333333333,-0.050209644525343385,0.2,1.0,0.3333333333333333,0.9333333333333333,,0.85,0.08333333333333333,0.48333333333333334,0.2677847708018314,-0.2,0.3333333333333333,1.0,0.35,,0.5166666666666667,-0.36666666666666664,0.1,0.07531446678801507,0.0,0.9333333333333333,0.35,1.0,,0.8833333333333333,,,,,,,,,,-0.5166666666666667,-0.11666666666666667,-0.15899720766358738,0.25,0.85,0.5166666666666667,0.8833333333333333,,1.0
age_bins,<function fair_classifier at 0x7f0b7b42e710>,<function sufficiency_criteria at 0x7f0b7b42e5f0>,1.0,0.4,0.8,-0.4,0.2,-1.0,0.2,,-0.4,0.4,1.0,0.98,-0.7,-0.22,0.23734644158557197,0.6755244875897048,,-0.6390096504226938,0.8,0.98,1.0,-0.68,-0.26,0.2008316044185609,0.6390096504226938,,-0.6207522318391883,-0.4,-0.7,-0.68,1.0,0.82,-0.785068999090738,-0.8398412548412547,,0.9128709291752768,0.2,-0.22,-0.26,0.82,1.0,-0.8398412548412547,-0.6207522318391883,,0.748554161923727,-1.0,0.23734644158557197,0.2008316044185609,-0.785068999090738,-0.8398412548412547,1.0,0.8333333333333334,,-0.8833333333333333,0.2,0.6755244875897048,0.6390096504226938,-0.8398412548412547,-0.6207522318391883,0.8333333333333334,1.0,,-0.9666666666666667,,,,,,,,,,-0.4,-0.6390096504226938,-0.6207522318391883,0.9128709291752768,0.748554161923727,-0.8833333333333333,-0.9666666666666667,,1.0
age_bins,<function fair_classifier at 0x7f0b7b42e710>,<function xy_greater_xa at 0x7f0b7b42dd80>,1.0,0.75,0.7666666666666667,-0.8,-0.3333333333333333,-0.43333333333333335,-0.23333333333333334,-0.10350983390135314,0.06666666666666667,0.75,1.0,0.9,-0.9833333333333333,-0.016666666666666666,-0.11666666666666667,0.15,-0.5520524474738834,-0.2833333333333333,0.7666666666666667,0.9,1.0,-0.9333333333333333,0.05,-0.016666666666666666,0.21666666666666667,-0.5348008084903245,-0.38333333333333336,-0.8,-0.9833333333333333,-0.9333333333333333,1.0,0.03333333333333333,0.16666666666666666,-0.1,0.5175491695067657,0.26666666666666666,-0.3333333333333333,-0.016666666666666666,0.05,0.03333333333333333,1.0,0.8666666666666667,0.9,-0.724568837309472,-0.9,-0.43333333333333335,-0.11666666666666667,-0.016666666666666666,0.16666666666666666,0.8666666666666667,1.0,0.9,-0.6900655593423543,-0.7666666666666667,-0.23333333333333334,0.15,0.21666666666666667,-0.1,0.9,0.9,1.0,-0.8108270322272663,-0.9166666666666666,-0.10350983390135314,-0.5520524474738834,-0.5348008084903245,0.5175491695067657,-0.724568837309472,-0.6900655593423543,-0.8108270322272663,1.0,0.8625819491779428,0.06666666666666667,-0.2833333333333333,-0.38333333333333336,0.26666666666666666,-0.9,-0.7666666666666667,-0.9166666666666666,0.8625819491779428,1.0
age_bins,<function fair_classifier_adversarial at 0x7f0b7b42e7a0>,<function maximally_predictive_minimally_demographic at 0x7f0b7b42e560>,1.0,-0.03333333333333333,0.08333333333333333,0.6333333333333333,-0.15,-0.5333333333333333,-0.31666666666666665,-0.3105295017040594,0.36666666666666664,-0.03333333333333333,1.0,0.95,-0.2,0.03333333333333333,0.7333333333333333,0.65,0.724568837309472,-0.8666666666666667,0.08333333333333333,0.95,1.0,-0.11666666666666667,-0.18333333333333332,0.5833333333333334,0.5166666666666667,0.724568837309472,-0.75,0.6333333333333333,-0.2,-0.11666666666666667,1.0,-0.2833333333333333,-0.21666666666666667,-0.06666666666666667,-0.724568837309472,0.38333333333333336,-0.15,0.03333333333333333,-0.18333333333333332,-0.2833333333333333,1.0,0.26666666666666666,0.5166666666666667,-0.10350983390135314,-0.38333333333333336,-0.5333333333333333,0.7333333333333333,0.5833333333333334,-0.21666666666666667,0.26666666666666666,1.0,0.9,0.41403933560541256,-0.9,-0.31666666666666665,0.65,0.5166666666666667,-0.06666666666666667,0.5166666666666667,0.9,1.0,0.20701966780270628,-0.8833333333333333,-0.3105295017040594,0.724568837309472,0.724568837309472,-0.724568837309472,-0.10350983390135314,0.41403933560541256,0.20701966780270628,1.0,-0.6210590034081188,0.36666666666666664,-0.8666666666666667,-0.75,0.38333333333333336,-0.38333333333333336,-0.9,-0.8833333333333333,-0.6210590034081188,1.0
age_bins,<function fair_classifier_adversarial at 0x7f0b7b42e7a0>,<function sequential_feature_selection_backward at 0x7f0b7b42e3b0>,1.0,0.36666666666666664,0.31666666666666665,-0.13333333333333333,-0.25,0.13333333333333333,0.03333333333333333,,-0.21666666666666667,0.36666666666666664,1.0,0.9833333333333333,-0.35,0.1,0.9166666666666666,0.8,,0.8166666666666667,0.31666666666666665,0.9833333333333333,1.0,-0.3,0.06666666666666667,0.9333333333333333,0.8166666666666667,,0.85,-0.13333333333333333,-0.35,-0.3,1.0,-0.65,-0.43333333333333335,-0.11666666666666667,,-0.25,-0.25,0.1,0.06666666666666667,-0.65,1.0,0.16666666666666666,0.25,,0.18333333333333332,0.13333333333333333,0.9166666666666666,0.9333333333333333,-0.43333333333333335,0.16666666666666666,1.0,0.8333333333333334,,0.9,0.03333333333333333,0.8,0.8166666666666667,-0.11666666666666667,0.25,0.8333333333333334,1.0,,0.8166666666666667,,,,,,,,,,-0.21666666666666667,0.8166666666666667,0.85,-0.25,0.18333333333333332,0.9,0.8166666666666667,,1.0
age_bins,<function fair_classifier_adversarial at 0x7f0b7b42e7a0>,<function sequential_feature_selection_forward at 0x7f0b7b42dea0>,1.0,0.3333333333333333,0.2833333333333333,0.8166666666666667,-0.9,-0.5,-0.36666666666666664,,-0.4166666666666667,0.3333333333333333,1.0,0.9833333333333333,0.13333333333333333,-0.11666666666666667,0.3,0.26666666666666666,,0.55,0.2833333333333333,0.9833333333333333,1.0,0.15,-0.08333333333333333,0.4,0.36666666666666664,,0.6333333333333333,0.8166666666666667,0.13333333333333333,0.15,1.0,-0.8333333333333334,-0.4166666666666667,-0.16666666666666666,,-0.35,-0.9,-0.11666666666666667,-0.08333333333333333,-0.8333333333333334,1.0,0.5333333333333333,0.4166666666666667,,0.48333333333333334,-0.5,0.3,0.4,-0.4166666666666667,0.5333333333333333,1.0,0.9,,0.9333333333333333,-0.36666666666666664,0.26666666666666666,0.36666666666666664,-0.16666666666666666,0.4166666666666667,0.9,1.0,,0.8,,,,,,,,,,-0.4166666666666667,0.55,0.6333333333333333,-0.35,0.48333333333333334,0.9333333333333333,0.8,,1.0
age_bins,<function fair_classifier_adversarial at 0x7f0b7b42e7a0>,<function sufficiency_criteria at 0x7f0b7b42e5f0>,1.0,0.8857142857142857,0.7142857142857143,0.6,-0.42857142857142855,0.37142857142857144,0.6571428571428571,,-0.8285714285714286,0.8857142857142857,1.0,0.7833333333333333,0.1,-0.6166666666666667,0.38333333333333336,0.4,,-0.5833333333333334,0.7142857142857143,0.7833333333333333,1.0,0.26666666666666666,-0.36666666666666664,-0.08333333333333333,-0.16666666666666666,,-0.05,0.6,0.1,0.26666666666666666,1.0,0.4,-0.55,-0.48333333333333334,,0.48333333333333334,-0.42857142857142855,-0.6166666666666667,-0.36666666666666664,0.4,1.0,-0.8166666666666667,-0.6,,0.7833333333333333,0.37142857142857144,0.38333333333333336,-0.08333333333333333,-0.55,-0.8166666666666667,1.0,0.8666666666666667,,-0.9333333333333333,0.6571428571428571,0.4,-0.16666666666666666,-0.48333333333333334,-0.6,0.8666666666666667,1.0,,-0.95,,,,,,,,,,-0.8285714285714286,-0.5833333333333334,-0.05,0.48333333333333334,0.7833333333333333,-0.9333333333333333,-0.95,,1.0
age_bins,<function fair_classifier_adversarial at 0x7f0b7b42e7a0>,<function xy_greater_xa at 0x7f0b7b42dd80>,1.0,0.13333333333333333,0.5666666666666667,0.38333333333333336,-0.1,-0.31666666666666665,-0.25,0.17251638983558856,-0.06666666666666667,0.13333333333333333,1.0,0.8166666666666667,-0.5833333333333334,0.35,0.8166666666666667,0.7166666666666667,-0.6900655593423543,-0.8833333333333333,0.5666666666666667,0.8166666666666667,1.0,-0.4,0.05,0.5166666666666667,0.3333333333333333,-0.3105295017040594,-0.6333333333333333,0.38333333333333336,-0.5833333333333334,-0.4,1.0,-0.45,-0.7833333333333333,-0.5666666666666667,0.29327786272050055,0.5,-0.1,0.35,0.05,-0.45,1.0,0.4,0.7333333333333333,-0.5348008084903245,-0.5833333333333334,-0.31666666666666665,0.8166666666666667,0.5166666666666667,-0.7833333333333333,0.4,1.0,0.8166666666666667,-0.724568837309472,-0.75,-0.25,0.7166666666666667,0.3333333333333333,-0.5666666666666667,0.7333333333333333,0.8166666666666667,1.0,-0.9315885051121783,-0.8833333333333333,0.17251638983558856,-0.6900655593423543,-0.3105295017040594,0.29327786272050055,-0.5348008084903245,-0.724568837309472,-0.9315885051121783,1.0,0.8625819491779428,-0.06666666666666667,-0.8833333333333333,-0.6333333333333333,0.5,-0.5833333333333334,-0.75,-0.8833333333333333,0.8625819491779428,1.0
age_bins,<function fair_classifier_lfr at 0x7f0b7b42da20>,<function maximally_predictive_minimally_demographic at 0x7f0b7b42e560>,1.0,0.32142857142857145,,0.10714285714285714,,,,0.20412414523193148,0.4642857142857143,0.32142857142857145,1.0,,-0.7857142857142857,,,,0.20412414523193148,0.17857142857142858,,,,,,,,,,0.10714285714285714,-0.7857142857142857,,1.0,,,,-0.20412414523193148,0.0,,,,,,,,,,,,,,,,,,,,,,,,,,,,0.20412414523193148,0.20412414523193148,,-0.20412414523193148,,,,1.0,-0.6210590034081188,0.4642857142857143,0.17857142857142858,,0.0,,,,-0.6210590034081188,1.0
age_bins,<function fair_classifier_lfr at 0x7f0b7b42da20>,<function sequential_feature_selection_backward at 0x7f0b7b42e3b0>,1.0,0.8833333333333333,0.5020790110464023,-0.6,-0.5477225575051662,0.48319675695112596,-0.049507377148833714,,-0.43333333333333335,0.8833333333333333,1.0,0.3195048252113469,-0.75,-0.5477225575051662,0.2649788667151336,-0.18812803316556811,,-0.36666666666666664,0.5020790110464023,0.3195048252113469,1.0,-0.22821773229381923,-0.1875,1.0,0.6236750662286366,,-0.3651483716701107,-0.6,-0.75,-0.22821773229381923,1.0,-0.13693063937629155,-0.2649788667151336,-0.28714278746323557,,0.16666666666666666,-0.5477225575051662,-0.5477225575051662,-0.1875,-0.13693063937629155,1.0,,0.6507913734559685,,0.2738612787525831,0.48319675695112596,0.2649788667151336,1.0,-0.2649788667151336,,1.0,1.0,,-0.3117398431942748,-0.049507377148833714,-0.18812803316556811,0.6236750662286366,-0.28714278746323557,0.6507913734559685,1.0,1.0,,-0.05940885257860046,,,,,,,,,,-0.43333333333333335,-0.36666666666666664,-0.3651483716701107,0.16666666666666666,0.2738612787525831,-0.3117398431942748,-0.05940885257860046,,1.0
age_bins,<function fair_classifier_lfr at 0x7f0b7b42da20>,<function sequential_feature_selection_forward at 0x7f0b7b42dea0>,1.0,0.8571428571428571,,-0.5,0.0,,0.0,,0.10714285714285714,0.8571428571428571,1.0,,-0.6428571428571429,0.0,,0.0,,0.32142857142857145,,,,,,,,,,-0.5,-0.6428571428571429,,1.0,-0.6123724356957945,,-0.6123724356957945,,-0.14285714285714285,0.0,0.0,,-0.6123724356957945,1.0,,1.0,,0.20412414523193148,,,,,,,,,,0.0,0.0,,-0.6123724356957945,1.0,,1.0,,0.20412414523193148,,,,,,,,,,0.10714285714285714,0.32142857142857145,,-0.14285714285714285,0.20412414523193148,,0.20412414523193148,,1.0
age_bins,<function fair_classifier_lfr at 0x7f0b7b42da20>,<function sufficiency_criteria at 0x7f0b7b42e5f0>,1.0,0.5,-0.8660254037844387,-0.5,-0.5,-0.8660254037844387,-0.5,,-0.5,0.5,1.0,-0.8660254037844387,-1.0,-0.4,-0.7378647873726218,0.2,,-1.0,-0.8660254037844387,-0.8660254037844387,1.0,0.8660254037844387,0.0,1.0,0.0,,0.8660254037844387,-0.5,-1.0,0.8660254037844387,1.0,0.4,0.7378647873726218,-0.2,,1.0,-0.5,-0.4,0.0,0.4,1.0,0.21081851067789195,0.8,,0.4,-0.8660254037844387,-0.7378647873726218,1.0,0.7378647873726218,0.21081851067789195,1.0,-0.10540925533894598,,0.7378647873726218,-0.5,0.2,0.0,-0.2,0.8,-0.10540925533894598,1.0,,-0.2,,,,,,,,,,-0.5,-1.0,0.8660254037844387,1.0,0.4,0.7378647873726218,-0.2,,1.0
age_bins,<function fair_classifier_lfr at 0x7f0b7b42da20>,<function xy_greater_xa at 0x7f0b7b42dd80>,1.0,0.3333333333333333,0.08183170883849715,0.47619047619047616,-0.57282196186948,-0.6819309069874763,-0.57282196186948,0.18413573105258862,0.30952380952380953,0.3333333333333333,1.0,0.7092081432669752,-0.5,-0.02727723627949905,-0.0545544725589981,-0.02727723627949905,-0.392822892912189,-0.14285714285714285,0.08183170883849715,0.7092081432669752,1.0,-0.13638618139749525,0.28125,0.125,0.28125,-0.5203531541782861,-0.3818813079129867,0.47619047619047616,-0.5,-0.13638618139749525,1.0,-0.24549512651549144,-0.46371301675148385,-0.24549512651549144,0.22096287726310634,0.11904761904761904,-0.57282196186948,-0.02727723627949905,0.28125,-0.24549512651549144,1.0,0.90625,1.0,-0.18282678390047888,0.02727723627949905,-0.6819309069874763,-0.0545544725589981,0.125,-0.46371301675148385,0.90625,1.0,0.90625,0.0421907962847259,0.1636634176769943,-0.57282196186948,-0.02727723627949905,0.28125,-0.24549512651549144,1.0,0.90625,1.0,-0.18282678390047888,0.02727723627949905,0.18413573105258862,-0.392822892912189,-0.5203531541782861,0.22096287726310634,-0.18282678390047888,0.0421907962847259,-0.18282678390047888,1.0,0.8625819491779428,0.30952380952380953,-0.14285714285714285,-0.3818813079129867,0.11904761904761904,0.02727723627949905,0.1636634176769943,0.02727723627949905,0.8625819491779428,1.0
gender,<function base_classifier at 0x7f0b7b42e680>,<function maximally_predictive_minimally_demographic at 0x7f0b7b42e560>,1.0,-0.8,-0.7166666666666667,0.8666666666666667,-0.38333333333333336,-0.75,-0.65,0.7453559924999299,0.8666666666666667,-0.8,1.0,0.9833333333333333,-0.9333333333333333,0.75,0.95,0.95,-0.8198915917499229,-0.9333333333333333,-0.7166666666666667,0.9833333333333333,1.0,-0.9,0.85,0.9333333333333333,0.9833333333333333,-0.7826237921249264,-0.8833333333333333,0.8666666666666667,-0.9333333333333333,-0.9,1.0,-0.6333333333333333,-0.8666666666666667,-0.85,0.8571593913749194,0.9666666666666667,-0.38333333333333336,0.75,0.85,-0.6333333333333333,1.0,0.7166666666666667,0.9,-0.4472135954999579,-0.5833333333333334,-0.75,0.95,0.9333333333333333,-0.8666666666666667,0.7166666666666667,1.0,0.8833333333333333,-0.8571593913749194,-0.9166666666666666,-0.65,0.95,0.9833333333333333,-0.85,0.9,0.8833333333333333,1.0,-0.6708203932499369,-0.8166666666666667,0.7453559924999299,-0.8198915917499229,-0.7826237921249264,0.8571593913749194,-0.4472135954999579,-0.8571593913749194,-0.6708203932499369,1.0,0.8944271909999159,0.8666666666666667,-0.9333333333333333,-0.8833333333333333,0.9666666666666667,-0.5833333333333334,-0.9166666666666666,-0.8166666666666667,0.8944271909999159,1.0
gender,<function base_classifier at 0x7f0b7b42e680>,<function sequential_feature_selection_backward at 0x7f0b7b42e3b0>,1.0,0.1,-0.75,0.8,-0.65,-0.7380952380952381,-0.7166666666666667,,-0.75,0.1,1.0,0.48333333333333334,-0.25,0.6,0.6904761904761905,0.48333333333333334,,0.16666666666666666,-0.75,0.48333333333333334,1.0,-0.9166666666666666,0.9833333333333333,0.9523809523809523,0.9666666666666667,,0.8333333333333334,0.8,-0.25,-0.9166666666666666,1.0,-0.8666666666666667,-1.0,-0.95,,-0.9666666666666667,-0.65,0.6,0.9833333333333333,-0.8666666666666667,1.0,0.9523809523809523,0.95,,0.7666666666666667,-0.7380952380952381,0.6904761904761905,0.9523809523809523,-1.0,0.9523809523809523,1.0,1.0,,0.9761904761904762,-0.7166666666666667,0.48333333333333334,0.9666666666666667,-0.95,0.95,1.0,1.0,,0.8833333333333333,,,,,,,,,,-0.75,0.16666666666666666,0.8333333333333334,-0.9666666666666667,0.7666666666666667,0.9761904761904762,0.8833333333333333,,1.0
gender,<function base_classifier at 0x7f0b7b42e680>,<function sequential_feature_selection_forward at 0x7f0b7b42dea0>,1.0,0.1,-0.75,0.8,-0.65,-0.7380952380952381,-0.7166666666666667,,-0.75,0.1,1.0,0.48333333333333334,-0.25,0.6,0.6904761904761905,0.48333333333333334,,0.16666666666666666,-0.75,0.48333333333333334,1.0,-0.9166666666666666,0.9833333333333333,0.9523809523809523,0.9666666666666667,,0.8333333333333334,0.8,-0.25,-0.9166666666666666,1.0,-0.8666666666666667,-1.0,-0.95,,-0.9666666666666667,-0.65,0.6,0.9833333333333333,-0.8666666666666667,1.0,0.9523809523809523,0.95,,0.7666666666666667,-0.7380952380952381,0.6904761904761905,0.9523809523809523,-1.0,0.9523809523809523,1.0,1.0,,0.9761904761904762,-0.7166666666666667,0.48333333333333334,0.9666666666666667,-0.95,0.95,1.0,1.0,,0.8833333333333333,,,,,,,,,,-0.75,0.16666666666666666,0.8333333333333334,-0.9666666666666667,0.7666666666666667,0.9761904761904762,0.8833333333333333,,1.0
gender,<function base_classifier at 0x7f0b7b42e680>,<function sufficiency_criteria at 0x7f0b7b42e5f0>,1.0,-0.47619047619047616,-0.3333333333333333,0.5952380952380952,0.7065994945288229,-0.6666666666666666,-0.2857142857142857,,0.47619047619047616,-0.47619047619047616,1.0,0.9833333333333333,-0.9833333333333333,-0.8786687791935092,0.8833333333333333,0.9,,-1.0,-0.3333333333333333,0.9833333333333333,1.0,-0.95,-0.8117225864930513,0.8333333333333334,0.9333333333333333,,-0.9833333333333333,0.5952380952380952,-0.9833333333333333,-0.95,1.0,0.9288784237188525,-0.9,-0.8333333333333334,,0.9833333333333333,0.7065994945288229,-0.8786687791935092,-0.8117225864930513,0.9288784237188525,1.0,-0.9623515200690814,-0.728039845617479,,0.8786687791935092,-0.6666666666666666,0.8833333333333333,0.8333333333333334,-0.9,-0.9623515200690814,1.0,0.8333333333333334,,-0.8833333333333333,-0.2857142857142857,0.9,0.9333333333333333,-0.8333333333333334,-0.728039845617479,0.8333333333333334,1.0,,-0.9,,,,,,,,,,0.47619047619047616,-1.0,-0.9833333333333333,0.9833333333333333,0.8786687791935092,-0.8833333333333333,-0.9,,1.0
gender,<function base_classifier at 0x7f0b7b42e680>,<function xy_greater_xa at 0x7f0b7b42dd80>,1.0,-0.45,-0.2833333333333333,0.5333333333333333,0.11666666666666667,-0.4,-0.23333333333333334,0.20497289793748072,0.4,-0.45,1.0,0.9666666666666667,-0.95,0.6666666666666666,0.95,0.95,-0.8944271909999159,-0.9666666666666667,-0.2833333333333333,0.9666666666666667,1.0,-0.9,0.7666666666666667,0.9166666666666666,0.9666666666666667,-0.8944271909999159,-0.9666666666666667,0.5333333333333333,-0.95,-0.9,1.0,-0.55,-0.8833333333333333,-0.8666666666666667,0.8944271909999159,0.95,0.11666666666666667,0.6666666666666666,0.7666666666666667,-0.55,1.0,0.6166666666666667,0.85,-0.6521864934374386,-0.7666666666666667,-0.4,0.95,0.9166666666666666,-0.8833333333333333,0.6166666666666667,1.0,0.8833333333333333,-0.8944271909999159,-0.8833333333333333,-0.23333333333333334,0.95,0.9666666666666667,-0.8666666666666667,0.85,0.8833333333333333,1.0,-0.8944271909999159,-0.9666666666666667,0.20497289793748072,-0.8944271909999159,-0.8944271909999159,0.8944271909999159,-0.6521864934374386,-0.8944271909999159,-0.8944271909999159,1.0,0.8944271909999159,0.4,-0.9666666666666667,-0.9666666666666667,0.95,-0.7666666666666667,-0.8833333333333333,-0.9666666666666667,0.8944271909999159,1.0
gender,<function fair_classifier at 0x7f0b7b42e710>,<function maximally_predictive_minimally_demographic at 0x7f0b7b42e560>,1.0,0.38333333333333336,0.31666666666666665,0.016666666666666666,-0.48333333333333334,-0.6333333333333333,-0.5333333333333333,0.8571593913749194,0.6333333333333333,0.38333333333333336,1.0,0.75,-0.25,0.2,0.1,0.13333333333333333,0.037267799624996496,-0.31666666666666665,0.31666666666666665,0.75,1.0,-0.4,0.4666666666666667,0.43333333333333335,0.5,0.0,-0.36666666666666664,0.016666666666666666,-0.25,-0.4,1.0,-0.16666666666666666,-0.13333333333333333,-0.16666666666666666,-0.07453559924999299,0.05,-0.48333333333333334,0.2,0.4666666666666667,-0.16666666666666666,1.0,0.9333333333333333,0.9666666666666667,-0.5962847939999439,-0.7833333333333333,-0.6333333333333333,0.1,0.43333333333333335,-0.13333333333333333,0.9333333333333333,1.0,0.9833333333333333,-0.7826237921249264,-0.8833333333333333,-0.5333333333333333,0.13333333333333333,0.5,-0.16666666666666666,0.9666666666666667,0.9833333333333333,1.0,-0.6708203932499369,-0.8166666666666667,0.8571593913749194,0.037267799624996496,0.0,-0.07453559924999299,-0.5962847939999439,-0.7826237921249264,-0.6708203932499369,1.0,0.8944271909999159,0.6333333333333333,-0.31666666666666665,-0.36666666666666664,0.05,-0.7833333333333333,-0.8833333333333333,-0.8166666666666667,0.8944271909999159,1.0
gender,<function fair_classifier at 0x7f0b7b42e710>,<function sequential_feature_selection_backward at 0x7f0b7b42e3b0>,1.0,0.45,0.6166666666666667,-0.6333333333333333,-0.3,-0.5833333333333334,-0.4,,-0.5833333333333334,0.45,1.0,0.65,-0.9,0.5333333333333333,0.13333333333333333,0.43333333333333335,,0.16666666666666666,0.6166666666666667,0.65,1.0,-0.8,0.05,-0.18333333333333332,0.016666666666666666,,-0.15,-0.6333333333333333,-0.9,-0.8,1.0,-0.21666666666666667,0.13333333333333333,-0.13333333333333333,,0.03333333333333333,-0.3,0.5333333333333333,0.05,-0.21666666666666667,1.0,0.8333333333333334,0.9833333333333333,,0.8,-0.5833333333333334,0.13333333333333333,-0.18333333333333332,0.13333333333333333,0.8333333333333334,1.0,0.9,,0.9666666666666667,-0.4,0.43333333333333335,0.016666666666666666,-0.13333333333333333,0.9833333333333333,0.9,1.0,,0.8666666666666667,,,,,,,,,,-0.5833333333333334,0.16666666666666666,-0.15,0.03333333333333333,0.8,0.9666666666666667,0.8666666666666667,,1.0
gender,<function fair_classifier at 0x7f0b7b42e710>,<function sequential_feature_selection_forward at 0x7f0b7b42dea0>,1.0,0.65,0.6833333333333333,-0.7,0.0,-0.3,-0.11666666666666667,,-0.3,0.65,1.0,0.8833333333333333,-0.8,0.6166666666666667,0.23333333333333334,0.55,,0.2833333333333333,0.6833333333333333,0.8833333333333333,1.0,-0.7,0.5833333333333334,0.35,0.5166666666666667,,0.38333333333333336,-0.7,-0.8,-0.7,1.0,-0.2833333333333333,0.08333333333333333,-0.18333333333333332,,0.016666666666666666,0.0,0.6166666666666667,0.5833333333333334,-0.2833333333333333,1.0,0.8,0.9333333333333333,,0.8,-0.3,0.23333333333333334,0.35,0.08333333333333333,0.8,1.0,0.9,,0.9666666666666667,-0.11666666666666667,0.55,0.5166666666666667,-0.18333333333333332,0.9333333333333333,0.9,1.0,,0.8666666666666667,,,,,,,,,,-0.3,0.2833333333333333,0.38333333333333336,0.016666666666666666,0.8,0.9666666666666667,0.8666666666666667,,1.0
gender,<function fair_classifier at 0x7f0b7b42e710>,<function sufficiency_criteria at 0x7f0b7b42e5f0>,1.0,0.6428571428571429,0.7142857142857143,0.21428571428571427,-0.8571428571428571,0.75,0.6071428571428571,,-0.9642857142857143,0.6428571428571429,1.0,0.9790880682441959,0.5333333333333333,-0.39330888211518983,0.15,-0.05,,-0.3333333333333333,0.7142857142857143,0.9790880682441959,1.0,0.54393781569122,-0.42857142857142855,0.22594340036404523,0.025104822262671692,,-0.39330888211518983,0.21428571428571427,0.5333333333333333,0.54393781569122,1.0,0.32636268941473195,-0.6,-0.7333333333333333,,0.5,-0.8571428571428571,-0.39330888211518983,-0.42857142857142855,0.32636268941473195,1.0,-0.8117225864930513,-0.6778302010921357,,0.8786687791935092,0.75,0.15,0.22594340036404523,-0.6,-0.8117225864930513,1.0,0.9333333333333333,,-0.9333333333333333,0.6071428571428571,-0.05,0.025104822262671692,-0.7333333333333333,-0.6778302010921357,0.9333333333333333,1.0,,-0.9,,,,,,,,,,-0.9642857142857143,-0.3333333333333333,-0.39330888211518983,0.5,0.8786687791935092,-0.9333333333333333,-0.9,,1.0
gender,<function fair_classifier at 0x7f0b7b42e710>,<function xy_greater_xa at 0x7f0b7b42dd80>,1.0,0.48333333333333334,0.2,-0.06666666666666667,-0.7166666666666667,-0.7666666666666667,-0.7166666666666667,0.7826237921249264,0.7166666666666667,0.48333333333333334,1.0,0.6833333333333333,-0.31666666666666665,-0.08333333333333333,-0.08333333333333333,-0.1,0.07453559924999299,-0.05,0.2,0.6833333333333333,1.0,-0.6333333333333333,0.38333333333333336,0.43333333333333335,0.48333333333333334,-0.29814239699997197,-0.5,-0.06666666666666667,-0.31666666666666665,-0.6333333333333333,1.0,-0.35,-0.3333333333333333,-0.35,0.11180339887498948,0.36666666666666664,-0.7166666666666667,-0.08333333333333333,0.38333333333333336,-0.35,1.0,0.9666666666666667,0.9333333333333333,-0.8385254915624211,-0.95,-0.7666666666666667,-0.08333333333333333,0.43333333333333335,-0.3333333333333333,0.9666666666666667,1.0,0.9833333333333333,-0.8944271909999159,-0.9833333333333333,-0.7166666666666667,-0.1,0.48333333333333334,-0.35,0.9333333333333333,0.9833333333333333,1.0,-0.8944271909999159,-0.9666666666666667,0.7826237921249264,0.07453559924999299,-0.29814239699997197,0.11180339887498948,-0.8385254915624211,-0.8944271909999159,-0.8944271909999159,1.0,0.8944271909999159,0.7166666666666667,-0.05,-0.5,0.36666666666666664,-0.95,-0.9833333333333333,-0.9666666666666667,0.8944271909999159,1.0
gender,<function fair_classifier_adversarial at 0x7f0b7b42e7a0>,<function maximally_predictive_minimally_demographic at 0x7f0b7b42e560>,1.0,0.03333333333333333,0.11666666666666667,0.8333333333333334,-0.48333333333333334,-0.65,-0.5,0.7826237921249264,0.6333333333333333,0.03333333333333333,1.0,0.8833333333333333,0.36666666666666664,-0.06666666666666667,0.3,0.31666666666666665,-0.40994579587496144,-0.6,0.11666666666666667,0.8833333333333333,1.0,0.48333333333333334,-0.3,0.21666666666666667,0.13333333333333333,-0.37267799624996495,-0.5166666666666667,0.8333333333333334,0.36666666666666664,0.48333333333333334,1.0,-0.31666666666666665,-0.2833333333333333,-0.13333333333333333,0.37267799624996495,0.21666666666666667,-0.48333333333333334,-0.06666666666666667,-0.3,-0.31666666666666665,1.0,0.5,0.7333333333333333,-0.2608745973749754,-0.4,-0.65,0.3,0.21666666666666667,-0.2833333333333333,0.5,1.0,0.8833333333333333,-0.8571593913749194,-0.9166666666666666,-0.5,0.31666666666666665,0.13333333333333333,-0.13333333333333333,0.7333333333333333,0.8833333333333333,1.0,-0.6708203932499369,-0.8166666666666667,0.7826237921249264,-0.40994579587496144,-0.37267799624996495,0.37267799624996495,-0.2608745973749754,-0.8571593913749194,-0.6708203932499369,1.0,0.8944271909999159,0.6333333333333333,-0.6,-0.5166666666666667,0.21666666666666667,-0.4,-0.9166666666666666,-0.8166666666666667,0.8944271909999159,1.0
gender,<function fair_classifier_adversarial at 0x7f0b7b42e7a0>,<function sequential_feature_selection_backward at 0x7f0b7b42e3b0>,1.0,-0.13333333333333333,-0.31666666666666665,0.08333333333333333,-0.9166666666666666,-0.6333333333333333,-0.5833333333333334,,-0.6666666666666666,-0.13333333333333333,1.0,0.65,0.5333333333333333,0.36666666666666664,0.7166666666666667,0.8166666666666667,,0.6,-0.31666666666666665,0.65,1.0,0.7166666666666667,0.5833333333333334,0.7333333333333333,0.8333333333333334,,0.85,0.08333333333333333,0.5333333333333333,0.7166666666666667,1.0,0.08333333333333333,0.6,0.45,,0.6166666666666667,-0.9166666666666666,0.36666666666666664,0.5833333333333334,0.08333333333333333,1.0,0.75,0.8,,0.8166666666666667,-0.6333333333333333,0.7166666666666667,0.7333333333333333,0.6,0.75,1.0,0.85,,0.9333333333333333,-0.5833333333333334,0.8166666666666667,0.8333333333333334,0.45,0.8,0.85,1.0,,0.8833333333333333,,,,,,,,,,-0.6666666666666666,0.6,0.85,0.6166666666666667,0.8166666666666667,0.9333333333333333,0.8833333333333333,,1.0
gender,<function fair_classifier_adversarial at 0x7f0b7b42e7a0>,<function sequential_feature_selection_forward at 0x7f0b7b42dea0>,1.0,0.3,-0.18333333333333332,0.3,-0.7333333333333333,-0.3,-0.2833333333333333,,-0.48333333333333334,0.3,1.0,0.7666666666666667,0.9166666666666666,0.03333333333333333,0.75,0.6,,0.65,-0.18333333333333332,0.7666666666666667,1.0,0.8166666666666667,0.26666666666666666,0.7166666666666667,0.7,,0.8166666666666667,0.3,0.9166666666666666,0.8166666666666667,1.0,0.06666666666666667,0.5833333333333334,0.6666666666666666,,0.5666666666666667,-0.7333333333333333,0.03333333333333333,0.26666666666666666,0.06666666666666667,1.0,0.35,0.43333333333333335,,0.5166666666666667,-0.3,0.75,0.7166666666666667,0.5833333333333334,0.35,1.0,0.7833333333333333,,0.9333333333333333,-0.2833333333333333,0.6,0.7,0.6666666666666666,0.43333333333333335,0.7833333333333333,1.0,,0.8166666666666667,,,,,,,,,,-0.48333333333333334,0.65,0.8166666666666667,0.5666666666666667,0.5166666666666667,0.9333333333333333,0.8166666666666667,,1.0
gender,<function fair_classifier_adversarial at 0x7f0b7b42e7a0>,<function sufficiency_criteria at 0x7f0b7b42e5f0>,1.0,0.8857142857142857,0.8857142857142857,0.6571428571428571,-0.6,0.4857142857142857,0.6571428571428571,,-1.0,0.8857142857142857,1.0,0.8991596638655462,0.3949579831932773,-0.6134453781512605,0.5355695416036628,0.4184137043778615,,-0.6861984751796929,0.8857142857142857,0.8991596638655462,1.0,0.6134453781512605,-0.4117647058823529,0.18410202992625907,0.06694619270045785,,-0.43515025255297596,0.6571428571428571,0.3949579831932773,0.6134453781512605,1.0,0.2605042016806723,-0.3347309635022892,-0.5523060897787772,,0.31799441532717476,-0.6,-0.6134453781512605,-0.4117647058823529,0.2605042016806723,1.0,-0.8703005051059519,-0.6527253788294639,,0.8535639569308375,0.4857142857142857,0.5355695416036628,0.18410202992625907,-0.3347309635022892,-0.8703005051059519,1.0,0.8166666666666667,,-0.85,0.6571428571428571,0.4184137043778615,0.06694619270045785,-0.5523060897787772,-0.6527253788294639,0.8166666666666667,1.0,,-0.9,,,,,,,,,,-1.0,-0.6861984751796929,-0.43515025255297596,0.31799441532717476,0.8535639569308375,-0.85,-0.9,,1.0
gender,<function fair_classifier_adversarial at 0x7f0b7b42e7a0>,<function xy_greater_xa at 0x7f0b7b42dd80>,1.0,-0.3,-0.31666666666666665,0.8333333333333334,0.2833333333333333,-0.11666666666666667,0.13333333333333333,0.05590169943749474,0.13333333333333333,-0.3,1.0,0.9333333333333333,-0.05,0.55,0.8833333333333333,0.8166666666666667,-0.8944271909999159,-0.95,-0.31666666666666665,0.9333333333333333,1.0,0.016666666666666666,0.36666666666666664,0.8666666666666667,0.7333333333333333,-0.8198915917499229,-0.85,0.8333333333333334,-0.05,0.016666666666666666,1.0,0.26666666666666666,0.11666666666666667,0.35,-0.14907119849998599,-0.11666666666666667,0.2833333333333333,0.55,0.36666666666666664,0.26666666666666666,1.0,0.43333333333333335,0.6666666666666666,-0.5031152949374527,-0.6833333333333333,-0.11666666666666667,0.8833333333333333,0.8666666666666667,0.11666666666666667,0.43333333333333335,1.0,0.9,-0.8944271909999159,-0.8833333333333333,0.13333333333333333,0.8166666666666667,0.7333333333333333,0.35,0.6666666666666666,0.9,1.0,-0.8944271909999159,-0.9333333333333333,0.05590169943749474,-0.8944271909999159,-0.8198915917499229,-0.14907119849998599,-0.5031152949374527,-0.8944271909999159,-0.8944271909999159,1.0,0.8944271909999159,0.13333333333333333,-0.95,-0.85,-0.11666666666666667,-0.6833333333333333,-0.8833333333333333,-0.9333333333333333,0.8944271909999159,1.0
gender,<function fair_classifier_lfr at 0x7f0b7b42da20>,<function maximally_predictive_minimally_demographic at 0x7f0b7b42e560>,1.0,0.6071428571428571,0.6123724356957945,0.14285714285714285,-0.6123724356957945,-0.6123724356957945,-0.6123724356957945,0.47434164902525694,0.42857142857142855,0.6071428571428571,1.0,0.6123724356957945,-0.25,-0.6123724356957945,-0.6123724356957945,-0.6123724356957945,0.0,-0.14285714285714285,0.6123724356957945,0.6123724356957945,1.0,0.6123724356957945,-1.0,-1.0,-1.0,-0.25819888974716115,-0.40824829046386296,0.14285714285714285,-0.25,0.6123724356957945,1.0,-0.6123724356957945,-0.6123724356957945,-0.6123724356957945,-0.31622776601683794,-0.35714285714285715,-0.6123724356957945,-0.6123724356957945,-1.0,-0.6123724356957945,1.0,1.0,1.0,0.25819888974716115,0.40824829046386296,-0.6123724356957945,-0.6123724356957945,-1.0,-0.6123724356957945,1.0,1.0,1.0,0.25819888974716115,0.40824829046386296,-0.6123724356957945,-0.6123724356957945,-1.0,-0.6123724356957945,1.0,1.0,1.0,0.25819888974716115,0.40824829046386296,0.47434164902525694,0.0,-0.25819888974716115,-0.31622776601683794,0.25819888974716115,0.25819888974716115,0.25819888974716115,1.0,0.8944271909999159,0.42857142857142855,-0.14285714285714285,-0.40824829046386296,-0.35714285714285715,0.40824829046386296,0.40824829046386296,0.40824829046386296,0.8944271909999159,1.0
gender,<function fair_classifier_lfr at 0x7f0b7b42da20>,<function sequential_feature_selection_backward at 0x7f0b7b42e3b0>,1.0,0.6302521008403361,0.5500190982169267,-0.6025157343041205,-0.11931589478520234,0.6123724356957945,-0.11931589478520234,,-0.5941474602165634,0.6302521008403361,1.0,0.27500954910846337,-0.9707197941566387,-0.3380617018914066,0.20412414523193148,-0.3380617018914066,,-0.22594340036404523,0.5500190982169267,0.27500954910846337,1.0,-0.2738612787525831,0.6507913734559685,1.0,0.6507913734559685,,-0.4107919181288746,-0.6025157343041205,-0.9707197941566387,-0.2738612787525831,1.0,0.23763541031440183,-0.20412414523193148,0.23763541031440183,,0.23333333333333334,-0.11931589478520234,-0.3380617018914066,0.6507913734559685,0.23763541031440183,1.0,1.0,1.0,,-0.07921180343813394,0.6123724356957945,0.20412414523193148,1.0,-0.20412414523193148,1.0,1.0,1.0,,-0.40824829046386296,-0.11931589478520234,-0.3380617018914066,0.6507913734559685,0.23763541031440183,1.0,1.0,1.0,,-0.07921180343813394,,,,,,,,,,-0.5941474602165634,-0.22594340036404523,-0.4107919181288746,0.23333333333333334,-0.07921180343813394,-0.40824829046386296,-0.07921180343813394,,1.0
gender,<function fair_classifier_lfr at 0x7f0b7b42da20>,<function sequential_feature_selection_forward at 0x7f0b7b42dea0>,1.0,0.18333333333333332,-0.2738612787525831,-0.18333333333333332,-0.2738612787525831,-0.2738612787525831,-0.2738612787525831,,-0.15,0.18333333333333332,1.0,0.5477225575051662,-1.0,0.5477225575051662,0.5477225575051662,0.5477225575051662,,0.016666666666666666,-0.2738612787525831,0.5477225575051662,1.0,-0.5477225575051662,1.0,1.0,1.0,,0.13693063937629155,-0.18333333333333332,-1.0,-0.5477225575051662,1.0,-0.5477225575051662,-0.5477225575051662,-0.5477225575051662,,-0.016666666666666666,-0.2738612787525831,0.5477225575051662,1.0,-0.5477225575051662,1.0,1.0,1.0,,0.13693063937629155,-0.2738612787525831,0.5477225575051662,1.0,-0.5477225575051662,1.0,1.0,1.0,,0.13693063937629155,-0.2738612787525831,0.5477225575051662,1.0,-0.5477225575051662,1.0,1.0,1.0,,0.13693063937629155,,,,,,,,,,-0.15,0.016666666666666666,0.13693063937629155,-0.016666666666666666,0.13693063937629155,0.13693063937629155,0.13693063937629155,,1.0
gender,<function fair_classifier_lfr at 0x7f0b7b42da20>,<function sufficiency_criteria at 0x7f0b7b42e5f0>,1.0,0.5,-0.5,-0.5,-0.8660254037844387,-0.5,-0.5,,-1.0,0.5,1.0,-1.0,-1.0,-0.8660254037844387,-1.0,-1.0,,-0.5,-0.5,-1.0,1.0,1.0,0.8660254037844387,1.0,1.0,,0.5,-0.5,-1.0,1.0,1.0,0.8660254037844387,1.0,1.0,,0.5,-0.8660254037844387,-0.8660254037844387,0.8660254037844387,0.8660254037844387,1.0,0.8660254037844387,0.8660254037844387,,0.8660254037844387,-0.5,-1.0,1.0,1.0,0.8660254037844387,1.0,1.0,,0.5,-0.5,-1.0,1.0,1.0,0.8660254037844387,1.0,1.0,,0.5,,,,,,,,,,-1.0,-0.5,0.5,0.5,0.8660254037844387,0.5,0.5,,1.0
gender,<function fair_classifier_lfr at 0x7f0b7b42da20>,<function xy_greater_xa at 0x7f0b7b42dd80>,1.0,0.8285714285714286,0.3927922024247863,0.5428571428571428,-0.3927922024247863,0.3927922024247863,-0.10141851056742199,-0.06172133998483677,-0.3142857142857143,0.8285714285714286,1.0,0.13093073414159545,0.37142857142857144,-0.3927922024247863,0.13093073414159545,-0.2704493615131253,-0.27774602993176545,-0.6,0.3927922024247863,0.13093073414159545,1.0,0.3927922024247863,-0.2,1.0,0.46475800154489005,0.565685424949238,0.3927922024247863,0.5428571428571428,0.37142857142857144,0.3927922024247863,1.0,-0.6546536707079772,0.3927922024247863,-0.33806170189140666,0.09258200997725516,-0.08571428571428572,-0.3927922024247863,-0.3927922024247863,-0.2,-0.6546536707079772,1.0,-0.2,0.7745966692414834,0.565685424949238,0.6546536707079772,0.3927922024247863,0.13093073414159545,1.0,0.3927922024247863,-0.2,1.0,0.46475800154489005,0.565685424949238,0.3927922024247863,-0.10141851056742199,-0.2704493615131253,0.46475800154489005,-0.33806170189140666,0.7745966692414834,0.46475800154489005,1.0,0.8763560920082657,0.8451542547285166,-0.06172133998483677,-0.27774602993176545,0.565685424949238,0.09258200997725516,0.565685424949238,0.565685424949238,0.8763560920082657,1.0,0.8944271909999159,-0.3142857142857143,-0.6,0.3927922024247863,-0.08571428571428572,0.6546536707079772,0.3927922024247863,0.8451542547285166,0.8944271909999159,1.0
marital-status,<function base_classifier at 0x7f0b7b42e680>,<function maximally_predictive_minimally_demographic at 0x7f0b7b42e560>,1.0,-0.5333333333333333,-0.6166666666666667,0.65,-0.2833333333333333,-0.6333333333333333,-0.5,0.8215838362577491,0.6833333333333333,-0.5333333333333333,1.0,0.95,-0.9166666666666666,0.8833333333333333,0.9166666666666666,0.9666666666666667,-0.7302967433402214,-0.95,-0.6166666666666667,0.95,1.0,-0.9333333333333333,0.7333333333333333,0.9666666666666667,0.8833333333333333,-0.8215838362577491,-0.9333333333333333,0.65,-0.9166666666666666,-0.9333333333333333,1.0,-0.7,-0.8666666666666667,-0.85,0.8215838362577491,0.9666666666666667,-0.2833333333333333,0.8833333333333333,0.7333333333333333,-0.7,1.0,0.7333333333333333,0.95,-0.4564354645876384,-0.8166666666666667,-0.6333333333333333,0.9166666666666666,0.9666666666666667,-0.8666666666666667,0.7333333333333333,1.0,0.8833333333333333,-0.7302967433402214,-0.9,-0.5,0.9666666666666667,0.8833333333333333,-0.85,0.95,0.8833333333333333,1.0,-0.6390096504226938,-0.9333333333333333,0.8215838362577491,-0.7302967433402214,-0.8215838362577491,0.8215838362577491,-0.4564354645876384,-0.7302967433402214,-0.6390096504226938,1.0,0.8215838362577491,0.6833333333333333,-0.95,-0.9333333333333333,0.9666666666666667,-0.8166666666666667,-0.9,-0.9333333333333333,0.8215838362577491,1.0
marital-status,<function base_classifier at 0x7f0b7b42e680>,<function sequential_feature_selection_backward at 0x7f0b7b42e3b0>,1.0,0.36666666666666664,-0.5166666666666667,0.5666666666666667,-0.36666666666666664,-0.4523809523809524,-0.48333333333333334,,-0.6,0.36666666666666664,1.0,0.26666666666666666,-0.2833333333333333,0.6,0.7142857142857143,0.5166666666666667,,0.16666666666666666,-0.5166666666666667,0.26666666666666666,1.0,-0.9833333333333333,0.8,0.9285714285714286,0.9,,0.9166666666666666,0.5666666666666667,-0.2833333333333333,-0.9833333333333333,1.0,-0.85,-0.9761904761904762,-0.9333333333333333,,-0.9333333333333333,-0.36666666666666664,0.6,0.8,-0.85,1.0,0.9523809523809523,0.95,,0.7666666666666667,-0.4523809523809524,0.7142857142857143,0.9285714285714286,-0.9761904761904762,0.9523809523809523,1.0,1.0,,0.9761904761904762,-0.48333333333333334,0.5166666666666667,0.9,-0.9333333333333333,0.95,1.0,1.0,,0.8833333333333333,,,,,,,,,,-0.6,0.16666666666666666,0.9166666666666666,-0.9333333333333333,0.7666666666666667,0.9761904761904762,0.8833333333333333,,1.0
marital-status,<function base_classifier at 0x7f0b7b42e680>,<function sequential_feature_selection_forward at 0x7f0b7b42dea0>,1.0,0.36666666666666664,-0.5166666666666667,0.5666666666666667,-0.36666666666666664,-0.4523809523809524,-0.48333333333333334,,-0.6,0.36666666666666664,1.0,0.26666666666666666,-0.2833333333333333,0.6,0.7142857142857143,0.5166666666666667,,0.16666666666666666,-0.5166666666666667,0.26666666666666666,1.0,-0.9833333333333333,0.8,0.9285714285714286,0.9,,0.9166666666666666,0.5666666666666667,-0.2833333333333333,-0.9833333333333333,1.0,-0.85,-0.9761904761904762,-0.9333333333333333,,-0.9333333333333333,-0.36666666666666664,0.6,0.8,-0.85,1.0,0.9523809523809523,0.95,,0.7666666666666667,-0.4523809523809524,0.7142857142857143,0.9285714285714286,-0.9761904761904762,0.9523809523809523,1.0,1.0,,0.9761904761904762,-0.48333333333333334,0.5166666666666667,0.9,-0.9333333333333333,0.95,1.0,1.0,,0.8833333333333333,,,,,,,,,,-0.6,0.16666666666666666,0.9166666666666666,-0.9333333333333333,0.7666666666666667,0.9761904761904762,0.8833333333333333,,1.0
marital-status,<function base_classifier at 0x7f0b7b42e680>,<function sufficiency_criteria at 0x7f0b7b42e5f0>,1.0,-0.7380952380952381,-0.16666666666666666,0.8571428571428571,0.9221722216732094,-0.8571428571428571,-0.5238095238095238,,0.7380952380952381,-0.7380952380952381,1.0,0.7333333333333333,-0.9666666666666667,-0.8786687791935092,0.8833333333333333,0.9,,-1.0,-0.16666666666666666,0.7333333333333333,1.0,-0.5833333333333334,-0.34309923758984645,0.43333333333333335,0.8333333333333334,,-0.7333333333333333,0.8571428571428571,-0.9666666666666667,-0.5833333333333334,1.0,0.945614971893967,-0.95,-0.8666666666666667,,0.9666666666666667,0.9221722216732094,-0.8786687791935092,-0.34309923758984645,0.945614971893967,1.0,-0.9623515200690814,-0.728039845617479,,0.8786687791935092,-0.8571428571428571,0.8833333333333333,0.43333333333333335,-0.95,-0.9623515200690814,1.0,0.8333333333333334,,-0.8833333333333333,-0.5238095238095238,0.9,0.8333333333333334,-0.8666666666666667,-0.728039845617479,0.8333333333333334,1.0,,-0.9,,,,,,,,,,0.7380952380952381,-1.0,-0.7333333333333333,0.9666666666666667,0.8786687791935092,-0.8833333333333333,-0.9,,1.0
marital-status,<function base_classifier at 0x7f0b7b42e680>,<function xy_greater_xa at 0x7f0b7b42dd80>,1.0,-0.36666666666666664,-0.5333333333333333,0.6,-0.13333333333333333,-0.5666666666666667,-0.43333333333333335,0.581387732848254,0.6166666666666667,-0.36666666666666664,1.0,0.8666666666666667,-0.8666666666666667,0.8,0.8666666666666667,0.9833333333333333,-0.9062808776752195,-0.9333333333333333,-0.5333333333333333,0.8666666666666667,1.0,-0.9166666666666666,0.5,0.95,0.85,-0.9490299756787676,-0.95,0.6,-0.8666666666666667,-0.9166666666666666,1.0,-0.5,-0.8666666666666667,-0.85,0.9233805168766387,0.9333333333333333,-0.13333333333333333,0.8,0.5,-0.5,1.0,0.6,0.8333333333333334,-0.5300888152439963,-0.65,-0.5666666666666667,0.8666666666666667,0.95,-0.8666666666666667,0.6,1.0,0.8833333333333333,-0.9404801560780579,-0.95,-0.43333333333333335,0.9833333333333333,0.85,-0.85,0.8333333333333334,0.8833333333333333,1.0,-0.9062808776752195,-0.95,0.581387732848254,-0.9062808776752195,-0.9490299756787676,0.9233805168766387,-0.5300888152439963,-0.9404801560780579,-0.9062808776752195,1.0,0.9746794344808964,0.6166666666666667,-0.9333333333333333,-0.95,0.9333333333333333,-0.65,-0.95,-0.95,0.9746794344808964,1.0
marital-status,<function fair_classifier at 0x7f0b7b42e710>,<function maximally_predictive_minimally_demographic at 0x7f0b7b42e560>,1.0,0.016666666666666666,-0.31666666666666665,0.21666666666666667,-0.7166666666666667,-0.7,-0.5833333333333334,0.8215838362577491,0.7333333333333333,0.016666666666666666,1.0,0.6833333333333333,-0.3,0.5,0.26666666666666666,0.7,-0.27386127875258304,-0.5666666666666667,-0.31666666666666665,0.6833333333333333,1.0,0.11666666666666667,0.8,0.75,0.7666666666666667,-0.6390096504226938,-0.7666666666666667,0.21666666666666667,-0.3,0.11666666666666667,1.0,-0.1,0.2,-0.21666666666666667,0.18257418583505536,0.08333333333333333,-0.7166666666666667,0.5,0.8,-0.1,1.0,0.8,0.8333333333333334,-0.8215838362577491,-0.8666666666666667,-0.7,0.26666666666666666,0.75,0.2,0.8,1.0,0.8166666666666667,-0.7302967433402214,-0.8833333333333333,-0.5833333333333334,0.7,0.7666666666666667,-0.21666666666666667,0.8333333333333334,0.8166666666666667,1.0,-0.6390096504226938,-0.9333333333333333,0.8215838362577491,-0.27386127875258304,-0.6390096504226938,0.18257418583505536,-0.8215838362577491,-0.7302967433402214,-0.6390096504226938,1.0,0.8215838362577491,0.7333333333333333,-0.5666666666666667,-0.7666666666666667,0.08333333333333333,-0.8666666666666667,-0.8833333333333333,-0.9333333333333333,0.8215838362577491,1.0
marital-status,<function fair_classifier at 0x7f0b7b42e710>,<function sequential_feature_selection_backward at 0x7f0b7b42e3b0>,1.0,0.5294117647058824,-0.46218487394957986,-0.31092436974789917,-0.8284591346681658,-0.5966386554621849,-0.39330888211518983,,-0.6276205565667923,0.5294117647058824,1.0,0.15966386554621848,-0.15966386554621848,-0.05857791861290061,-0.07563025210084033,0.3598357857649609,,-0.09205101496312953,-0.46218487394957986,0.15966386554621848,1.0,0.8151260504201681,0.728039845617479,0.8823529411764706,0.8284591346681658,,0.8284591346681658,-0.31092436974789917,-0.15966386554621848,0.8151260504201681,1.0,0.4435185266405332,0.8319327731092437,0.5774109120414489,,0.7782494901428224,-0.8284591346681658,-0.05857791861290061,0.728039845617479,0.4435185266405332,1.0,0.728039845617479,0.7166666666666667,,0.75,-0.5966386554621849,-0.07563025210084033,0.8823529411764706,0.8319327731092437,0.728039845617479,1.0,0.8451956828432803,,0.9790880682441959,-0.39330888211518983,0.3598357857649609,0.8284591346681658,0.5774109120414489,0.7166666666666667,0.8451956828432803,1.0,,0.8,,,,,,,,,,-0.6276205565667923,-0.09205101496312953,0.8284591346681658,0.7782494901428224,0.75,0.9790880682441959,0.8,,1.0
marital-status,<function fair_classifier at 0x7f0b7b42e710>,<function sequential_feature_selection_forward at 0x7f0b7b42dea0>,1.0,0.46218487394957986,-0.37815126050420167,-0.19327731092436976,-0.9037736014561809,-0.7142857142857143,-0.5272012675161055,,-0.7782494901428224,0.46218487394957986,1.0,0.36134453781512604,-0.37815126050420167,-0.18410202992625907,-0.09243697478991597,0.34309923758984645,,-0.12552411131335844,-0.37815126050420167,0.36134453781512604,1.0,0.42857142857142855,0.6694619270045784,0.7310924369747899,0.7782494901428224,,0.7113032974423645,-0.19327731092436976,-0.37815126050420167,0.42857142857142855,1.0,0.2677847708018314,0.5630252100840336,0.22594340036404523,,0.5272012675161055,-0.9037736014561809,-0.18410202992625907,0.6694619270045784,0.2677847708018314,1.0,0.7866177642303797,0.7333333333333333,,0.8333333333333334,-0.7142857142857143,-0.09243697478991597,0.7310924369747899,0.5630252100840336,0.7866177642303797,1.0,0.8451956828432803,,0.9790880682441959,-0.5272012675161055,0.34309923758984645,0.7782494901428224,0.22594340036404523,0.7333333333333333,0.8451956828432803,1.0,,0.8,,,,,,,,,,-0.7782494901428224,-0.12552411131335844,0.7113032974423645,0.5272012675161055,0.8333333333333334,0.9790880682441959,0.8,,1.0
marital-status,<function fair_classifier at 0x7f0b7b42e710>,<function sufficiency_criteria at 0x7f0b7b42e5f0>,1.0,0.5238095238095238,0.2857142857142857,-0.16666666666666666,-0.5476190476190477,0.5238095238095238,0.7619047619047619,,-0.6428571428571429,0.5238095238095238,1.0,-0.2761530448893886,-0.4666666666666667,-0.7949860383179369,0.7166666666666667,0.55,,-0.7333333333333333,0.2857142857142857,-0.2761530448893886,1.0,0.6443571047419068,0.3445378151260504,-0.2928895930645031,0.00836827408755723,,0.22594340036404523,-0.16666666666666666,-0.4666666666666667,0.6443571047419068,1.0,0.7615129419677079,-0.7333333333333333,-0.48333333333333334,,0.6833333333333333,-0.5476190476190477,-0.7949860383179369,0.3445378151260504,0.7615129419677079,1.0,-0.9288784237188525,-0.6778302010921357,,0.8619322310183947,0.5238095238095238,0.7166666666666667,-0.2928895930645031,-0.7333333333333333,-0.9288784237188525,1.0,0.8166666666666667,,-0.95,0.7619047619047619,0.55,0.00836827408755723,-0.48333333333333334,-0.6778302010921357,0.8166666666666667,1.0,,-0.9333333333333333,,,,,,,,,,-0.6428571428571429,-0.7333333333333333,0.22594340036404523,0.6833333333333333,0.8619322310183947,-0.95,-0.9333333333333333,,1.0
marital-status,<function fair_classifier at 0x7f0b7b42e710>,<function xy_greater_xa at 0x7f0b7b42dd80>,1.0,0.23333333333333334,0.13333333333333333,0.26666666666666666,-0.4,-0.55,-0.4,0.5899375524489636,0.5333333333333333,0.23333333333333334,1.0,0.6333333333333333,-0.5333333333333333,0.48333333333333334,0.3,0.7166666666666667,-0.44459061923690013,-0.5666666666666667,0.13333333333333333,0.6333333333333333,1.0,-0.03333333333333333,0.7333333333333333,0.31666666666666665,0.43333333333333335,-0.45314043883760974,-0.5,0.26666666666666666,-0.5333333333333333,-0.03333333333333333,1.0,-0.1,-0.1,-0.5166666666666667,0.31634332522625586,0.36666666666666664,-0.4,0.48333333333333334,0.7333333333333333,-0.1,1.0,0.7,0.7333333333333333,-0.8207826816681233,-0.8,-0.55,0.3,0.31666666666666665,-0.1,0.7,1.0,0.8166666666666667,-0.9148306972759291,-0.9166666666666666,-0.4,0.7166666666666667,0.43333333333333335,-0.5166666666666667,0.7333333333333333,0.8166666666666667,1.0,-0.9062808776752195,-0.95,0.5899375524489636,-0.44459061923690013,-0.45314043883760974,0.31634332522625586,-0.8207826816681233,-0.9148306972759291,-0.9062808776752195,1.0,0.9746794344808964,0.5333333333333333,-0.5666666666666667,-0.5,0.36666666666666664,-0.8,-0.9166666666666666,-0.95,0.9746794344808964,1.0
marital-status,<function fair_classifier_adversarial at 0x7f0b7b42e7a0>,<function maximally_predictive_minimally_demographic at 0x7f0b7b42e560>,1.0,0.4666666666666667,0.48333333333333334,0.43333333333333335,-0.11666666666666667,0.48333333333333334,0.5833333333333334,-0.09128709291752768,-0.36666666666666664,0.4666666666666667,1.0,0.8833333333333333,-0.3,-0.05,0.6833333333333333,0.6333333333333333,-0.8215838362577491,-0.9333333333333333,0.48333333333333334,0.8833333333333333,1.0,-0.18333333333333332,0.16666666666666666,0.6,0.6,-0.8215838362577491,-0.9166666666666666,0.43333333333333335,-0.3,-0.18333333333333332,1.0,-0.5666666666666667,0.26666666666666666,0.31666666666666665,0.6390096504226938,0.26666666666666666,-0.11666666666666667,-0.05,0.16666666666666666,-0.5666666666666667,1.0,-0.4166666666666667,-0.3333333333333333,-0.3651483716701107,0.016666666666666666,0.48333333333333334,0.6833333333333333,0.6,0.26666666666666666,-0.4166666666666667,1.0,0.95,-0.3651483716701107,-0.75,0.5833333333333334,0.6333333333333333,0.6,0.31666666666666665,-0.3333333333333333,0.95,1.0,-0.27386127875258304,-0.7333333333333333,-0.09128709291752768,-0.8215838362577491,-0.8215838362577491,0.6390096504226938,-0.3651483716701107,-0.3651483716701107,-0.27386127875258304,1.0,0.8215838362577491,-0.36666666666666664,-0.9333333333333333,-0.9166666666666666,0.26666666666666666,0.016666666666666666,-0.75,-0.7333333333333333,0.8215838362577491,1.0
marital-status,<function fair_classifier_adversarial at 0x7f0b7b42e7a0>,<function sequential_feature_selection_backward at 0x7f0b7b42e3b0>,1.0,0.5166666666666667,0.16666666666666666,-0.3,-0.1,0.21666666666666667,0.16666666666666666,,0.016666666666666666,0.5166666666666667,1.0,0.7,-0.016666666666666666,0.26666666666666666,0.5166666666666667,0.31666666666666665,,0.6666666666666666,0.16666666666666666,0.7,1.0,0.35,0.05,0.8833333333333333,0.7666666666666667,,0.9666666666666667,-0.3,-0.016666666666666666,0.35,1.0,-0.5333333333333333,0.5,0.5833333333333334,,0.43333333333333335,-0.1,0.26666666666666666,0.05,-0.5333333333333333,1.0,-0.08333333333333333,-0.26666666666666666,,0.016666666666666666,0.21666666666666667,0.5166666666666667,0.8833333333333333,0.5,-0.08333333333333333,1.0,0.9666666666666667,,0.8666666666666667,0.16666666666666666,0.31666666666666665,0.7666666666666667,0.5833333333333334,-0.26666666666666666,0.9666666666666667,1.0,,0.7666666666666667,,,,,,,,,,0.016666666666666666,0.6666666666666666,0.9666666666666667,0.43333333333333335,0.016666666666666666,0.8666666666666667,0.7666666666666667,,1.0
marital-status,<function fair_classifier_adversarial at 0x7f0b7b42e7a0>,<function sequential_feature_selection_forward at 0x7f0b7b42dea0>,1.0,0.65,0.48333333333333334,0.5666666666666667,-0.5833333333333334,-0.18333333333333332,-0.18333333333333332,,-0.35,0.65,1.0,0.8333333333333334,0.6666666666666666,-0.16666666666666666,-0.06666666666666667,-0.06666666666666667,,0.2,0.48333333333333334,0.8333333333333334,1.0,0.9166666666666666,-0.4,0.2,0.2,,0.43333333333333335,0.5666666666666667,0.6666666666666666,0.9166666666666666,1.0,-0.6833333333333333,0.16666666666666666,0.16666666666666666,,0.26666666666666666,-0.5833333333333334,-0.16666666666666666,-0.4,-0.6833333333333333,1.0,0.1,0.1,,0.26666666666666666,-0.18333333333333332,-0.06666666666666667,0.2,0.16666666666666666,0.1,1.0,1.0,,0.8166666666666667,-0.18333333333333332,-0.06666666666666667,0.2,0.16666666666666666,0.1,1.0,1.0,,0.8166666666666667,,,,,,,,,,-0.35,0.2,0.43333333333333335,0.26666666666666666,0.26666666666666666,0.8166666666666667,0.8166666666666667,,1.0
marital-status,<function fair_classifier_adversarial at 0x7f0b7b42e7a0>,<function sufficiency_criteria at 0x7f0b7b42e5f0>,1.0,1.0,1.0,-0.5,-0.5,-0.5,-0.5,,-0.5,1.0,1.0,0.9790880682441959,0.18333333333333332,-0.20920685218893076,-0.4166666666666667,-0.5,,0.0,1.0,0.9790880682441959,1.0,0.1924703040138163,-0.19327731092436976,-0.4937281711658766,-0.5774109120414489,,0.05857791861290061,-0.5,0.18333333333333332,0.1924703040138163,1.0,0.8117225864930513,-0.7666666666666667,-0.7166666666666667,,0.8333333333333334,-0.5,-0.20920685218893076,-0.19327731092436976,0.8117225864930513,1.0,-0.6443571047419068,-0.54393781569122,,0.8451956828432803,-0.5,-0.4166666666666667,-0.4937281711658766,-0.7666666666666667,-0.6443571047419068,1.0,0.9833333333333333,,-0.8666666666666667,-0.5,-0.5,-0.5774109120414489,-0.7166666666666667,-0.54393781569122,0.9833333333333333,1.0,,-0.8333333333333334,,,,,,,,,,-0.5,0.0,0.05857791861290061,0.8333333333333334,0.8451956828432803,-0.8666666666666667,-0.8333333333333334,,1.0
marital-status,<function fair_classifier_adversarial at 0x7f0b7b42e7a0>,<function xy_greater_xa at 0x7f0b7b42dd80>,1.0,0.48333333333333334,0.08333333333333333,0.3333333333333333,-0.9166666666666666,-0.43333333333333335,-0.4,0.5129891760425771,0.4666666666666667,0.48333333333333334,1.0,0.6333333333333333,-0.1,-0.45,0.15,-0.016666666666666666,-0.26504440762199816,-0.2833333333333333,0.08333333333333333,0.6333333333333333,1.0,0.2833333333333333,-0.23333333333333334,0.6166666666666667,0.5333333333333333,-0.7010852072581887,-0.6666666666666666,0.3333333333333333,-0.1,0.2833333333333333,1.0,-0.31666666666666665,0.35,0.48333333333333334,-0.06839855680567694,-0.1,-0.9166666666666666,-0.45,-0.23333333333333334,-0.31666666666666665,1.0,0.4166666666666667,0.4,-0.46169025843831935,-0.45,-0.43333333333333335,0.15,0.6166666666666667,0.35,0.4166666666666667,1.0,0.9666666666666667,-0.9062808776752195,-0.95,-0.4,-0.016666666666666666,0.5333333333333333,0.48333333333333334,0.4,0.9666666666666667,1.0,-0.8122328620674136,-0.8666666666666667,0.5129891760425771,-0.26504440762199816,-0.7010852072581887,-0.06839855680567694,-0.46169025843831935,-0.9062808776752195,-0.8122328620674136,1.0,0.9746794344808964,0.4666666666666667,-0.2833333333333333,-0.6666666666666666,-0.1,-0.45,-0.95,-0.8666666666666667,0.9746794344808964,1.0
marital-status,<function fair_classifier_lfr at 0x7f0b7b42da20>,<function maximally_predictive_minimally_demographic at 0x7f0b7b42e560>,1.0,0.6190476190476191,-0.24743582965269675,-0.6190476190476191,,-0.24743582965269675,-0.24743582965269675,-0.6197797868009122,-0.30952380952380953,0.6190476190476191,1.0,0.08247860988423225,-1.0,,0.08247860988423225,0.08247860988423225,-0.8451542547285166,-0.5476190476190477,-0.24743582965269675,0.08247860988423225,1.0,-0.08247860988423225,,1.0,1.0,0.29277002188455997,0.24743582965269675,-0.6190476190476191,-1.0,-0.08247860988423225,1.0,,-0.08247860988423225,-0.08247860988423225,0.8451542547285166,0.5476190476190477,,,,,,,,,,-0.24743582965269675,0.08247860988423225,1.0,-0.08247860988423225,,1.0,1.0,0.29277002188455997,0.24743582965269675,-0.24743582965269675,0.08247860988423225,1.0,-0.08247860988423225,,1.0,1.0,0.29277002188455997,0.24743582965269675,-0.6197797868009122,-0.8451542547285166,0.29277002188455997,0.8451542547285166,,0.29277002188455997,0.29277002188455997,1.0,0.8215838362577491,-0.30952380952380953,-0.5476190476190477,0.24743582965269675,0.5476190476190477,,0.24743582965269675,0.24743582965269675,0.8215838362577491,1.0
marital-status,<function fair_classifier_lfr at 0x7f0b7b42da20>,<function sequential_feature_selection_backward at 0x7f0b7b42e3b0>,1.0,0.42857142857142855,,0.75,,,,,-0.10714285714285714,0.42857142857142855,1.0,,-0.10714285714285714,,,,,0.03571428571428571,,,,,,,,,,0.75,-0.10714285714285714,,1.0,,,,,-0.39285714285714285,,,,,,,,,,,,,,,,,,,,,,,,,,,,,,,,,,,,,-0.10714285714285714,0.03571428571428571,,-0.39285714285714285,,,,,1.0
marital-status,<function fair_classifier_lfr at 0x7f0b7b42da20>,<function sequential_feature_selection_forward at 0x7f0b7b42dea0>,1.0,0.9,,0.1,-0.27386127875258304,,-0.27386127875258304,,-0.11666666666666667,0.9,1.0,,-0.15,-0.27386127875258304,,-0.27386127875258304,,-0.2,,,,,,,,,,0.1,-0.15,,1.0,0.11410886614690961,,0.11410886614690961,,0.6,-0.27386127875258304,-0.27386127875258304,,0.11410886614690961,1.0,,1.0,,0.5020790110464023,,,,,,,,,,-0.27386127875258304,-0.27386127875258304,,0.11410886614690961,1.0,,1.0,,0.5020790110464023,,,,,,,,,,-0.11666666666666667,-0.2,,0.6,0.5020790110464023,,0.5020790110464023,,1.0
marital-status,<function fair_classifier_lfr at 0x7f0b7b42da20>,<function sufficiency_criteria at 0x7f0b7b42e5f0>,1.0,1.0,0.8660254037844387,-1.0,-0.5,-0.8660254037844387,-0.5,,-1.0,1.0,1.0,0.8660254037844387,-1.0,-0.5,-0.8660254037844387,-0.5,,-1.0,0.8660254037844387,0.8660254037844387,1.0,-0.8660254037844387,-0.8660254037844387,-1.0,-0.8660254037844387,,-0.8660254037844387,-1.0,-1.0,-0.8660254037844387,1.0,0.5,0.8660254037844387,0.5,,1.0,-0.5,-0.5,-0.8660254037844387,0.5,1.0,0.8660254037844387,1.0,,0.5,-0.8660254037844387,-0.8660254037844387,-1.0,0.8660254037844387,0.8660254037844387,1.0,0.8660254037844387,,0.8660254037844387,-0.5,-0.5,-0.8660254037844387,0.5,1.0,0.8660254037844387,1.0,,0.5,,,,,,,,,,-1.0,-1.0,-0.8660254037844387,1.0,0.5,0.8660254037844387,0.5,,1.0
marital-status,<function fair_classifier_lfr at 0x7f0b7b42da20>,<function xy_greater_xa at 0x7f0b7b42dd80>,1.0,0.8928571428571429,,-0.8928571428571429,,,,0.6174969805662238,0.6785714285714286,0.8928571428571429,1.0,,-1.0,,,,0.6174969805662238,0.5714285714285714,,,,,,,,,,-0.8928571428571429,-1.0,,1.0,,,,-0.6174969805662238,-0.5714285714285714,,,,,,,,,,,,,,,,,,,,,,,,,,,,0.6174969805662238,0.6174969805662238,,-0.6174969805662238,,,,1.0,0.9746794344808964,0.6785714285714286,0.5714285714285714,,-0.5714285714285714,,,,0.9746794344808964,1.0
race,<function base_classifier at 0x7f0b7b42e680>,<function maximally_predictive_minimally_demographic at 0x7f0b7b42e560>,1.0,-0.65,-0.15,0.8833333333333333,-0.3333333333333333,-0.9166666666666666,-0.7833333333333333,-0.8432740427115678,0.6,-0.65,1.0,0.35,-0.8833333333333333,0.8833333333333333,0.8166666666666667,0.9166666666666666,0.7905694150420948,-0.9166666666666666,-0.15,0.35,1.0,-0.36666666666666664,0.16666666666666666,0.23333333333333334,0.25,0.3689323936863109,-0.15,0.8833333333333333,-0.8833333333333333,-0.36666666666666664,1.0,-0.6,-0.9333333333333333,-0.8666666666666667,-0.9486832980505138,0.7333333333333333,-0.3333333333333333,0.8833333333333333,0.16666666666666666,-0.6,1.0,0.5333333333333333,0.7666666666666667,0.4743416490252569,-0.9,-0.9166666666666666,0.8166666666666667,0.23333333333333334,-0.9333333333333333,0.5333333333333333,1.0,0.9333333333333333,0.8432740427115678,-0.7666666666666667,-0.7833333333333333,0.9166666666666666,0.25,-0.8666666666666667,0.7666666666666667,0.9333333333333333,1.0,0.7378647873726218,-0.9333333333333333,-0.8432740427115678,0.7905694150420948,0.3689323936863109,-0.9486832980505138,0.4743416490252569,0.8432740427115678,0.7378647873726218,1.0,-0.6324555320336759,0.6,-0.9166666666666666,-0.15,0.7333333333333333,-0.9,-0.7666666666666667,-0.9333333333333333,-0.6324555320336759,1.0
race,<function base_classifier at 0x7f0b7b42e680>,<function sequential_feature_selection_backward at 0x7f0b7b42e3b0>,1.0,-0.23333333333333334,0.2,0.95,-0.7333333333333333,-0.9523809523809523,-0.8666666666666667,,-0.9333333333333333,-0.23333333333333334,1.0,0.18333333333333332,-0.36666666666666664,0.7166666666666667,0.8333333333333334,0.6166666666666667,,0.26666666666666666,0.2,0.18333333333333332,1.0,0.06666666666666667,0.1,0.14285714285714285,0.08333333333333333,,-0.11666666666666667,0.95,-0.36666666666666664,0.06666666666666667,1.0,-0.8666666666666667,-1.0,-0.95,,-0.9666666666666667,-0.7333333333333333,0.7166666666666667,0.1,-0.8666666666666667,1.0,0.9523809523809523,0.95,,0.7666666666666667,-0.9523809523809523,0.8333333333333334,0.14285714285714285,-1.0,0.9523809523809523,1.0,1.0,,0.9761904761904762,-0.8666666666666667,0.6166666666666667,0.08333333333333333,-0.95,0.95,1.0,1.0,,0.8833333333333333,,,,,,,,,,-0.9333333333333333,0.26666666666666666,-0.11666666666666667,-0.9666666666666667,0.7666666666666667,0.9761904761904762,0.8833333333333333,,1.0
race,<function base_classifier at 0x7f0b7b42e680>,<function sequential_feature_selection_forward at 0x7f0b7b42dea0>,1.0,-0.23333333333333334,0.2,0.95,-0.7333333333333333,-0.9523809523809523,-0.8666666666666667,,-0.9333333333333333,-0.23333333333333334,1.0,0.18333333333333332,-0.36666666666666664,0.7166666666666667,0.8333333333333334,0.6166666666666667,,0.26666666666666666,0.2,0.18333333333333332,1.0,0.06666666666666667,0.1,0.14285714285714285,0.08333333333333333,,-0.11666666666666667,0.95,-0.36666666666666664,0.06666666666666667,1.0,-0.8666666666666667,-1.0,-0.95,,-0.9666666666666667,-0.7333333333333333,0.7166666666666667,0.1,-0.8666666666666667,1.0,0.9523809523809523,0.95,,0.7666666666666667,-0.9523809523809523,0.8333333333333334,0.14285714285714285,-1.0,0.9523809523809523,1.0,1.0,,0.9761904761904762,-0.8666666666666667,0.6166666666666667,0.08333333333333333,-0.95,0.95,1.0,1.0,,0.8833333333333333,,,,,,,,,,-0.9333333333333333,0.26666666666666666,-0.11666666666666667,-0.9666666666666667,0.7666666666666667,0.9761904761904762,0.8833333333333333,,1.0
race,<function base_classifier at 0x7f0b7b42e680>,<function sufficiency_criteria at 0x7f0b7b42e5f0>,1.0,0.7857142857142857,0.5952380952380952,-0.5238095238095238,-0.4191691916696407,0.5238095238095238,0.8333333333333334,,-0.6904761904761905,0.7857142857142857,1.0,0.75,-0.8666666666666667,-0.7615129419677079,0.7833333333333333,0.8833333333333333,,-0.9333333333333333,0.5952380952380952,0.75,1.0,-0.65,-0.4435185266405332,0.4666666666666667,0.65,,-0.6833333333333333,-0.5238095238095238,-0.8666666666666667,-0.65,1.0,0.945614971893967,-0.9333333333333333,-0.85,,0.95,-0.4191691916696407,-0.7615129419677079,-0.4435185266405332,0.945614971893967,1.0,-0.9623515200690814,-0.728039845617479,,0.8786687791935092,0.5238095238095238,0.7833333333333333,0.4666666666666667,-0.9333333333333333,-0.9623515200690814,1.0,0.8333333333333334,,-0.8833333333333333,0.8333333333333334,0.8833333333333333,0.65,-0.85,-0.728039845617479,0.8333333333333334,1.0,,-0.9,,,,,,,,,,-0.6904761904761905,-0.9333333333333333,-0.6833333333333333,0.95,0.8786687791935092,-0.8833333333333333,-0.9,,1.0
race,<function base_classifier at 0x7f0b7b42e680>,<function xy_greater_xa at 0x7f0b7b42dd80>,1.0,-0.43333333333333335,-0.16666666666666666,0.7166666666666667,-0.05,-0.6666666666666666,-0.36666666666666664,,0.5333333333333333,-0.43333333333333335,1.0,0.6833333333333333,-0.8833333333333333,0.8166666666666667,0.7666666666666667,0.9166666666666666,,-0.9833333333333333,-0.16666666666666666,0.6833333333333333,1.0,-0.6833333333333333,0.3333333333333333,0.5833333333333334,0.6333333333333333,,-0.7,0.7166666666666667,-0.8833333333333333,-0.6833333333333333,1.0,-0.5333333333333333,-0.95,-0.8666666666666667,,0.9333333333333333,-0.05,0.8166666666666667,0.3333333333333333,-0.5333333333333333,1.0,0.48333333333333334,0.8333333333333334,,-0.7666666666666667,-0.6666666666666666,0.7666666666666667,0.5833333333333334,-0.95,0.48333333333333334,1.0,0.8666666666666667,,-0.8333333333333334,-0.36666666666666664,0.9166666666666666,0.6333333333333333,-0.8666666666666667,0.8333333333333334,0.8666666666666667,1.0,,-0.9333333333333333,,,,,,,,,,0.5333333333333333,-0.9833333333333333,-0.7,0.9333333333333333,-0.7666666666666667,-0.8333333333333334,-0.9333333333333333,,1.0
race,<function fair_classifier at 0x7f0b7b42e710>,<function maximally_predictive_minimally_demographic at 0x7f0b7b42e560>,1.0,0.8666666666666667,0.3,0.65,-0.26666666666666666,-0.55,-0.4166666666666667,-0.6851601597031488,0.1,0.8666666666666667,1.0,0.15,0.75,-0.11666666666666667,-0.4166666666666667,-0.25,-0.4743416490252569,-0.15,0.3,0.15,1.0,0.0,0.35,0.3333333333333333,0.31666666666666665,0.05270462766947299,-0.4166666666666667,0.65,0.75,0.0,1.0,-0.35,-0.36666666666666664,-0.3333333333333333,-0.4216370213557839,0.016666666666666666,-0.26666666666666666,-0.11666666666666667,0.35,-0.35,1.0,0.7333333333333333,0.9333333333333333,0.6851601597031488,-0.8666666666666667,-0.55,-0.4166666666666667,0.3333333333333333,-0.36666666666666664,0.7333333333333333,1.0,0.9,0.9486832980505138,-0.7333333333333333,-0.4166666666666667,-0.25,0.31666666666666665,-0.3333333333333333,0.9333333333333333,0.9,1.0,0.8432740427115678,-0.9,-0.6851601597031488,-0.4743416490252569,0.05270462766947299,-0.4216370213557839,0.6851601597031488,0.9486832980505138,0.8432740427115678,1.0,-0.6324555320336759,0.1,-0.15,-0.4166666666666667,0.016666666666666666,-0.8666666666666667,-0.7333333333333333,-0.9,-0.6324555320336759,1.0
race,<function fair_classifier at 0x7f0b7b42e710>,<function sequential_feature_selection_backward at 0x7f0b7b42e3b0>,1.0,0.8833333333333333,0.9,-0.9333333333333333,0.48333333333333334,0.06666666666666667,0.3333333333333333,,0.03333333333333333,0.8833333333333333,1.0,0.8666666666666667,-0.9,0.6,0.3,0.6333333333333333,,0.2833333333333333,0.9,0.8666666666666667,1.0,-0.9333333333333333,0.5666666666666667,0.3,0.48333333333333334,,0.2833333333333333,-0.9333333333333333,-0.9,-0.9333333333333333,1.0,-0.4666666666666667,-0.06666666666666667,-0.35,,-0.08333333333333333,0.48333333333333334,0.6,0.5666666666666667,-0.4666666666666667,1.0,0.75,0.8,,0.7333333333333333,0.06666666666666667,0.3,0.3,-0.06666666666666667,0.75,1.0,0.9,,0.9833333333333333,0.3333333333333333,0.6333333333333333,0.48333333333333334,-0.35,0.8,0.9,1.0,,0.8833333333333333,,,,,,,,,,0.03333333333333333,0.2833333333333333,0.2833333333333333,-0.08333333333333333,0.7333333333333333,0.9833333333333333,0.8833333333333333,,1.0
race,<function fair_classifier at 0x7f0b7b42e710>,<function sequential_feature_selection_forward at 0x7f0b7b42dea0>,1.0,0.8166666666666667,0.95,-0.9166666666666666,0.6,0.0,0.26666666666666666,,0.03333333333333333,0.8166666666666667,1.0,0.8666666666666667,-0.8,0.8166666666666667,0.3333333333333333,0.6666666666666666,,0.35,0.95,0.8666666666666667,1.0,-0.8166666666666667,0.75,0.23333333333333334,0.4666666666666667,,0.26666666666666666,-0.9166666666666666,-0.8,-0.8166666666666667,1.0,-0.6166666666666667,0.016666666666666666,-0.26666666666666666,,-0.05,0.6,0.8166666666666667,0.75,-0.6166666666666667,1.0,0.7333333333333333,0.8666666666666667,,0.7666666666666667,0.0,0.3333333333333333,0.23333333333333334,0.016666666666666666,0.7333333333333333,1.0,0.9,,0.9833333333333333,0.26666666666666666,0.6666666666666666,0.4666666666666667,-0.26666666666666666,0.8666666666666667,0.9,1.0,,0.8833333333333333,,,,,,,,,,0.03333333333333333,0.35,0.26666666666666666,-0.05,0.7666666666666667,0.9833333333333333,0.8833333333333333,,1.0
race,<function fair_classifier at 0x7f0b7b42e710>,<function sufficiency_criteria at 0x7f0b7b42e5f0>,1.0,0.7857142857142857,0.6666666666666666,-0.14285714285714285,0.16666666666666666,-0.07142857142857142,0.2619047619047619,,-0.09523809523809523,0.7857142857142857,1.0,0.9166666666666666,-0.3333333333333333,0.11666666666666667,0.0,0.38333333333333336,,-0.23333333333333334,0.6666666666666666,0.9166666666666666,1.0,-0.25,0.2,-0.06666666666666667,0.2833333333333333,,-0.16666666666666666,-0.14285714285714285,-0.3333333333333333,-0.25,1.0,0.85,-0.9,-0.9166666666666666,,0.9666666666666667,0.16666666666666666,0.11666666666666667,0.2,0.85,1.0,-0.9333333333333333,-0.7166666666666667,,0.8666666666666667,-0.07142857142857142,0.0,-0.06666666666666667,-0.9,-0.9333333333333333,1.0,0.8833333333333333,,-0.9666666666666667,0.2619047619047619,0.38333333333333336,0.2833333333333333,-0.9166666666666666,-0.7166666666666667,0.8833333333333333,1.0,,-0.95,,,,,,,,,,-0.09523809523809523,-0.23333333333333334,-0.16666666666666666,0.9666666666666667,0.8666666666666667,-0.9666666666666667,-0.95,,1.0
race,<function fair_classifier at 0x7f0b7b42e710>,<function xy_greater_xa at 0x7f0b7b42dd80>,1.0,0.8666666666666667,0.55,0.15,0.3,-0.48333333333333334,-0.3,,0.3,0.8666666666666667,1.0,0.26666666666666666,0.38333333333333336,0.2833333333333333,-0.4,-0.21666666666666667,,0.21666666666666667,0.55,0.26666666666666666,1.0,-0.48333333333333334,0.48333333333333334,-0.03333333333333333,0.11666666666666667,,-0.11666666666666667,0.15,0.38333333333333336,-0.48333333333333334,1.0,-0.5833333333333334,-0.6666666666666666,-0.6833333333333333,,0.6833333333333333,0.3,0.2833333333333333,0.48333333333333334,-0.5833333333333334,1.0,0.6,0.8,,-0.8,-0.48333333333333334,-0.4,-0.03333333333333333,-0.6666666666666666,0.6,1.0,0.95,,-0.95,-0.3,-0.21666666666666667,0.11666666666666667,-0.6833333333333333,0.8,0.95,1.0,,-1.0,,,,,,,,,,0.3,0.21666666666666667,-0.11666666666666667,0.6833333333333333,-0.8,-0.95,-1.0,,1.0
race,<function fair_classifier_adversarial at 0x7f0b7b42e7a0>,<function maximally_predictive_minimally_demographic at 0x7f0b7b42e560>,1.0,0.1,0.38333333333333336,0.36666666666666664,0.21666666666666667,-0.3,-0.06666666666666667,-0.26352313834736496,-0.016666666666666666,0.1,1.0,0.6666666666666666,-0.6,0.6666666666666666,0.8666666666666667,0.9166666666666666,0.8959786703810408,-0.7666666666666667,0.38333333333333336,0.6666666666666666,1.0,-0.43333333333333335,0.16666666666666666,0.5833333333333334,0.5166666666666667,0.5797509043642028,-0.15,0.36666666666666664,-0.6,-0.43333333333333335,1.0,-0.43333333333333335,-0.75,-0.75,-0.6324555320336759,0.5,0.21666666666666667,0.6666666666666666,0.16666666666666666,-0.43333333333333335,1.0,0.5333333333333333,0.7833333333333333,0.4216370213557839,-0.9333333333333333,-0.3,0.8666666666666667,0.5833333333333334,-0.75,0.5333333333333333,1.0,0.9,0.9486832980505138,-0.6666666666666666,-0.06666666666666667,0.9166666666666666,0.5166666666666667,-0.75,0.7833333333333333,0.9,1.0,0.8432740427115678,-0.8666666666666667,-0.26352313834736496,0.8959786703810408,0.5797509043642028,-0.6324555320336759,0.4216370213557839,0.9486832980505138,0.8432740427115678,1.0,-0.6324555320336759,-0.016666666666666666,-0.7666666666666667,-0.15,0.5,-0.9333333333333333,-0.6666666666666666,-0.8666666666666667,-0.6324555320336759,1.0
race,<function fair_classifier_adversarial at 0x7f0b7b42e7a0>,<function sequential_feature_selection_backward at 0x7f0b7b42e3b0>,1.0,0.2,0.7333333333333333,-0.16666666666666666,-0.6833333333333333,-0.6333333333333333,-0.6833333333333333,,-0.7,0.2,1.0,0.36666666666666664,0.13333333333333333,0.45,0.5,0.45,,0.3,0.7333333333333333,0.36666666666666664,1.0,0.06666666666666667,-0.26666666666666666,-0.16666666666666666,-0.26666666666666666,,-0.18333333333333332,-0.16666666666666666,0.13333333333333333,0.06666666666666667,1.0,0.08333333333333333,0.2833333333333333,0.08333333333333333,,0.18333333333333332,-0.6833333333333333,0.45,-0.26666666666666666,0.08333333333333333,1.0,0.85,1.0,,0.8833333333333333,-0.6333333333333333,0.5,-0.16666666666666666,0.2833333333333333,0.85,1.0,0.85,,0.9333333333333333,-0.6833333333333333,0.45,-0.26666666666666666,0.08333333333333333,1.0,0.85,1.0,,0.8833333333333333,,,,,,,,,,-0.7,0.3,-0.18333333333333332,0.18333333333333332,0.8833333333333333,0.9333333333333333,0.8833333333333333,,1.0
race,<function fair_classifier_adversarial at 0x7f0b7b42e7a0>,<function sequential_feature_selection_forward at 0x7f0b7b42dea0>,1.0,0.16666666666666666,0.26666666666666666,-0.45,-0.05,-0.2,-0.1,,-0.43333333333333335,0.16666666666666666,1.0,0.6166666666666667,-0.5,0.7,0.75,0.9333333333333333,,0.6833333333333333,0.26666666666666666,0.6166666666666667,1.0,-0.25,0.7166666666666667,0.5666666666666667,0.5833333333333334,,0.38333333333333336,-0.45,-0.5,-0.25,1.0,-0.5,-0.26666666666666666,-0.35,,-0.23333333333333334,-0.05,0.7,0.7166666666666667,-0.5,1.0,0.7166666666666667,0.8166666666666667,,0.75,-0.2,0.75,0.5666666666666667,-0.26666666666666666,0.7166666666666667,1.0,0.7833333333333333,,0.9333333333333333,-0.1,0.9333333333333333,0.5833333333333334,-0.35,0.8166666666666667,0.7833333333333333,1.0,,0.8166666666666667,,,,,,,,,,-0.43333333333333335,0.6833333333333333,0.38333333333333336,-0.23333333333333334,0.75,0.9333333333333333,0.8166666666666667,,1.0
race,<function fair_classifier_adversarial at 0x7f0b7b42e7a0>,<function sufficiency_criteria at 0x7f0b7b42e5f0>,1.0,0.8285714285714286,0.7142857142857143,0.6,-0.02857142857142857,0.42857142857142855,0.8857142857142857,,-0.7714285714285715,0.8285714285714286,1.0,0.7647058823529411,-0.3277310924369748,-0.2773109243697479,0.6443571047419068,0.6610936529170212,,-0.7782494901428224,0.7142857142857143,0.7647058823529411,1.0,0.058823529411764705,-0.058823529411764705,0.46025507481564765,0.39330888211518983,,-0.5272012675161055,0.6,-0.3277310924369748,0.058823529411764705,1.0,0.46218487394957986,-0.6610936529170212,-0.46025507481564765,,0.5941474602165634,-0.02857142857142857,-0.2773109243697479,-0.058823529411764705,0.46218487394957986,1.0,-0.5941474602165634,-0.3096261412396175,,0.54393781569122,0.42857142857142855,0.6443571047419068,0.46025507481564765,-0.6610936529170212,-0.5941474602165634,1.0,0.7833333333333333,,-0.9666666666666667,0.8857142857142857,0.6610936529170212,0.39330888211518983,-0.46025507481564765,-0.3096261412396175,0.7833333333333333,1.0,,-0.8833333333333333,,,,,,,,,,-0.7714285714285715,-0.7782494901428224,-0.5272012675161055,0.5941474602165634,0.54393781569122,-0.9666666666666667,-0.8833333333333333,,1.0
race,<function fair_classifier_adversarial at 0x7f0b7b42e7a0>,<function xy_greater_xa at 0x7f0b7b42dd80>,1.0,0.5666666666666667,0.7333333333333333,0.26666666666666666,0.2,0.05,0.35,,-0.25,0.5666666666666667,1.0,0.8833333333333333,-0.11666666666666667,0.6333333333333333,0.75,0.8333333333333334,,-0.85,0.7333333333333333,0.8833333333333333,1.0,0.0,0.36666666666666664,0.6666666666666666,0.6166666666666667,,-0.6666666666666666,0.26666666666666666,-0.11666666666666667,0.0,1.0,-0.03333333333333333,-0.13333333333333333,-0.18333333333333332,,0.25,0.2,0.6333333333333333,0.36666666666666664,-0.03333333333333333,1.0,0.6166666666666667,0.9166666666666666,,-0.85,0.05,0.75,0.6666666666666666,-0.13333333333333333,0.6166666666666667,1.0,0.7166666666666667,,-0.85,0.35,0.8333333333333334,0.6166666666666667,-0.18333333333333332,0.9166666666666666,0.7166666666666667,1.0,,-0.9666666666666667,,,,,,,,,,-0.25,-0.85,-0.6666666666666666,0.25,-0.85,-0.85,-0.9666666666666667,,1.0
race,<function fair_classifier_lfr at 0x7f0b7b42da20>,<function maximally_predictive_minimally_demographic at 0x7f0b7b42e560>,1.0,0.8857142857142857,-0.3927922024247863,-0.5428571428571428,0.3927922024247863,0.3927922024247863,0.3927922024247863,0.06172133998483677,-0.14285714285714285,0.8857142857142857,1.0,-0.6546536707079772,-0.6571428571428571,0.6546536707079772,0.6546536707079772,0.6546536707079772,0.09258200997725516,0.08571428571428572,-0.3927922024247863,-0.6546536707079772,1.0,0.6546536707079772,-1.0,-1.0,-1.0,-0.565685424949238,-0.13093073414159545,-0.5428571428571428,-0.6571428571428571,0.6546536707079772,1.0,-0.6546536707079772,-0.6546536707079772,-0.6546536707079772,-0.06172133998483677,0.14285714285714285,0.3927922024247863,0.6546536707079772,-1.0,-0.6546536707079772,1.0,1.0,1.0,0.565685424949238,0.13093073414159545,0.3927922024247863,0.6546536707079772,-1.0,-0.6546536707079772,1.0,1.0,1.0,0.565685424949238,0.13093073414159545,0.3927922024247863,0.6546536707079772,-1.0,-0.6546536707079772,1.0,1.0,1.0,0.565685424949238,0.13093073414159545,0.06172133998483677,0.09258200997725516,-0.565685424949238,-0.06172133998483677,0.565685424949238,0.565685424949238,0.565685424949238,1.0,-0.6324555320336759,-0.14285714285714285,0.08571428571428572,-0.13093073414159545,0.14285714285714285,0.13093073414159545,0.13093073414159545,0.13093073414159545,-0.6324555320336759,1.0
race,<function fair_classifier_lfr at 0x7f0b7b42da20>,<function sequential_feature_selection_backward at 0x7f0b7b42e3b0>,1.0,0.45,0.13693063937629155,-0.45,,0.13693063937629155,0.13693063937629155,,-0.35,0.45,1.0,0.5477225575051662,-1.0,,0.5477225575051662,0.5477225575051662,,0.2,0.13693063937629155,0.5477225575051662,1.0,-0.5477225575051662,,1.0,1.0,,0.2738612787525831,-0.45,-1.0,-0.5477225575051662,1.0,,-0.5477225575051662,-0.5477225575051662,,-0.2,,,,,,,,,,0.13693063937629155,0.5477225575051662,1.0,-0.5477225575051662,,1.0,1.0,,0.2738612787525831,0.13693063937629155,0.5477225575051662,1.0,-0.5477225575051662,,1.0,1.0,,0.2738612787525831,,,,,,,,,,-0.35,0.2,0.2738612787525831,-0.2,,0.2738612787525831,0.2738612787525831,,1.0
race,<function fair_classifier_lfr at 0x7f0b7b42da20>,<function sequential_feature_selection_forward at 0x7f0b7b42dea0>,1.0,0.8095238095238095,,-0.40476190476190477,-0.24743582965269675,,-0.24743582965269675,,-0.4523809523809524,0.8095238095238095,1.0,,-0.6904761904761905,-0.24743582965269675,,-0.24743582965269675,,-0.2857142857142857,,,,,,,,,,-0.40476190476190477,-0.6904761904761905,,1.0,0.08247860988423225,,0.08247860988423225,,-0.2619047619047619,-0.24743582965269675,-0.24743582965269675,,0.08247860988423225,1.0,,1.0,,-0.08247860988423225,,,,,,,,,,-0.24743582965269675,-0.24743582965269675,,0.08247860988423225,1.0,,1.0,,-0.08247860988423225,,,,,,,,,,-0.4523809523809524,-0.2857142857142857,,-0.2619047619047619,-0.08247860988423225,,-0.08247860988423225,,1.0
race,<function fair_classifier_lfr at 0x7f0b7b42da20>,<function sufficiency_criteria at 0x7f0b7b42e5f0>,1.0,0.9428571428571428,0.753702346348183,-0.6571428571428571,-0.550782483869826,-0.8116794499134278,-0.7714285714285715,,0.08571428571428572,0.9428571428571428,1.0,0.6377481392176932,-0.42857142857142855,-0.3768511731740915,-0.9276336570439175,-0.7142857142857143,,0.02857142857142857,0.753702346348183,0.6377481392176932,1.0,-0.550782483869826,-0.7205882352941176,-0.5882352941176471,-0.8406680016960503,,0.49280538030458115,-0.6571428571428571,-0.42857142857142855,-0.550782483869826,1.0,0.6377481392176932,0.3188740696088466,0.7142857142857143,,0.2571428571428571,-0.550782483869826,-0.3768511731740915,-0.7205882352941176,0.6377481392176932,1.0,0.16176470588235295,0.6957252427829381,,-0.057977103565244846,-0.8116794499134278,-0.9276336570439175,-0.5882352941176471,0.3188740696088466,0.16176470588235295,1.0,0.7247137945655605,,-0.028988551782622423,-0.7714285714285715,-0.7142857142857143,-0.8406680016960503,0.7142857142857143,0.6957252427829381,0.7247137945655605,1.0,,0.02857142857142857,,,,,,,,,,0.08571428571428572,0.02857142857142857,0.49280538030458115,0.2571428571428571,-0.057977103565244846,-0.028988551782622423,0.02857142857142857,,1.0
race,<function fair_classifier_lfr at 0x7f0b7b42da20>,<function xy_greater_xa at 0x7f0b7b42dd80>,1.0,0.9523809523809523,,0.047619047619047616,,,,,0.42857142857142855,0.9523809523809523,1.0,,-0.023809523809523808,,,,,0.2857142857142857,,,,,,,,,,0.047619047619047616,-0.023809523809523808,,1.0,,,,,-0.2857142857142857,,,,,,,,,,,,,,,,,,,,,,,,,,,,,,,,,,,,,0.42857142857142855,0.2857142857142857,,-0.2857142857142857,,,,,1.0
