,A,"I(X,A)",a,a_count,"I(X,Y|A=a)",Y,"I(X,A|Y=y)","I(X,Y)",bins
0,gender,0.3930527512266178,Female,14845.0,1.1407492451107184,0,0.34120340503665053,1.0981679796573465,"7,10,6,20"
1,gender,0.3930527512266178,Female,14845.0,1.1407492451107184,1,0.38221335002430223,1.0981679796573465,"7,10,6,20"
2,gender,0.3930527512266178,Female,14845.0,1.1407492451107184,2,0.3995465416493378,1.0981679796573465,"7,10,6,20"
3,gender,0.3930527512266178,Female,14845.0,1.1407492451107184,3,0.4413196518914597,1.0981679796573465,"7,10,6,20"
4,gender,0.3930527512266178,Female,14845.0,1.1407492451107184,4,0.4749434506325057,1.0981679796573465,"7,10,6,20"
5,gender,0.3930527512266178,Female,14845.0,1.1407492451107184,5,0.45552296875482784,1.0981679796573465,"7,10,6,20"
6,gender,0.3930527512266178,Female,14845.0,1.1407492451107184,6,0.4439711567349798,1.0981679796573465,"7,10,6,20"
7,gender,0.3930527512266178,Female,14845.0,1.1407492451107184,7,0.45395809378084023,1.0981679796573465,"7,10,6,20"
8,gender,0.3930527512266178,Female,14845.0,1.1407492451107184,8,0.45157100597363586,1.0981679796573465,"7,10,6,20"
9,gender,0.3930527512266178,Female,14845.0,1.1407492451107184,9,0.4223845544106757,1.0981679796573465,"7,10,6,20"
10,gender,0.3930527512266178,Female,14845.0,1.1407492451107184,10,0.4361738883198333,1.0981679796573465,"7,10,6,20"
11,gender,0.3930527512266178,Female,14845.0,1.1407492451107184,11,0.40276246029442336,1.0981679796573465,"7,10,6,20"
12,gender,0.3930527512266178,Female,14845.0,1.1407492451107184,12,0.4248973960276753,1.0981679796573465,"7,10,6,20"
13,gender,0.3930527512266178,Female,14845.0,1.1407492451107184,13,0.3877133016546207,1.0981679796573465,"7,10,6,20"
14,gender,0.3930527512266178,Female,14845.0,1.1407492451107184,14,0.3803948796962012,1.0981679796573465,"7,10,6,20"
15,gender,0.3930527512266178,Female,14845.0,1.1407492451107184,15,0.40939940943063186,1.0981679796573465,"7,10,6,20"
16,gender,0.3930527512266178,Female,14845.0,1.1407492451107184,16,0.40324119776279366,1.0981679796573465,"7,10,6,20"
17,gender,0.3930527512266178,Female,14845.0,1.1407492451107184,17,0.41550600356831247,1.0981679796573465,"7,10,6,20"
18,gender,0.3930527512266178,Female,14845.0,1.1407492451107184,18,0.34431788950198383,1.0981679796573465,"7,10,6,20"
19,gender,0.3930527512266178,Female,14845.0,1.1407492451107184,19,0.3648653618084473,1.0981679796573465,"7,10,6,20"
20,gender,0.3930527512266178,Male,31004.0,1.1114857797876703,0,0.34120340503665053,1.0981679796573465,"7,10,6,20"
21,gender,0.3930527512266178,Male,31004.0,1.1114857797876703,1,0.38221335002430223,1.0981679796573465,"7,10,6,20"
22,gender,0.3930527512266178,Male,31004.0,1.1114857797876703,2,0.3995465416493378,1.0981679796573465,"7,10,6,20"
23,gender,0.3930527512266178,Male,31004.0,1.1114857797876703,3,0.4413196518914597,1.0981679796573465,"7,10,6,20"
24,gender,0.3930527512266178,Male,31004.0,1.1114857797876703,4,0.4749434506325057,1.0981679796573465,"7,10,6,20"
25,gender,0.3930527512266178,Male,31004.0,1.1114857797876703,5,0.45552296875482784,1.0981679796573465,"7,10,6,20"
26,gender,0.3930527512266178,Male,31004.0,1.1114857797876703,6,0.4439711567349798,1.0981679796573465,"7,10,6,20"
27,gender,0.3930527512266178,Male,31004.0,1.1114857797876703,7,0.45395809378084023,1.0981679796573465,"7,10,6,20"
28,gender,0.3930527512266178,Male,31004.0,1.1114857797876703,8,0.45157100597363586,1.0981679796573465,"7,10,6,20"
29,gender,0.3930527512266178,Male,31004.0,1.1114857797876703,9,0.4223845544106757,1.0981679796573465,"7,10,6,20"
30,gender,0.3930527512266178,Male,31004.0,1.1114857797876703,10,0.4361738883198333,1.0981679796573465,"7,10,6,20"
31,gender,0.3930527512266178,Male,31004.0,1.1114857797876703,11,0.40276246029442336,1.0981679796573465,"7,10,6,20"
32,gender,0.3930527512266178,Male,31004.0,1.1114857797876703,12,0.4248973960276753,1.0981679796573465,"7,10,6,20"
33,gender,0.3930527512266178,Male,31004.0,1.1114857797876703,13,0.3877133016546207,1.0981679796573465,"7,10,6,20"
34,gender,0.3930527512266178,Male,31004.0,1.1114857797876703,14,0.3803948796962012,1.0981679796573465,"7,10,6,20"
35,gender,0.3930527512266178,Male,31004.0,1.1114857797876703,15,0.40939940943063186,1.0981679796573465,"7,10,6,20"
36,gender,0.3930527512266178,Male,31004.0,1.1114857797876703,16,0.40324119776279366,1.0981679796573465,"7,10,6,20"
37,gender,0.3930527512266178,Male,31004.0,1.1114857797876703,17,0.41550600356831247,1.0981679796573465,"7,10,6,20"
38,gender,0.3930527512266178,Male,31004.0,1.1114857797876703,18,0.34431788950198383,1.0981679796573465,"7,10,6,20"
39,gender,0.3930527512266178,Male,31004.0,1.1114857797876703,19,0.3648653618084473,1.0981679796573465,"7,10,6,20"
40,race,0.1690743266251253,Amer-Indian-Eskimo,436.0,2.2358705095899536,0,0.3179330784729205,1.0981679796573465,"7,10,6,20"
41,race,0.1690743266251253,Amer-Indian-Eskimo,436.0,2.2358705095899536,1,0.30959838747293555,1.0981679796573465,"7,10,6,20"
42,race,0.1690743266251253,Amer-Indian-Eskimo,436.0,2.2358705095899536,2,0.3196126160225954,1.0981679796573465,"7,10,6,20"
43,race,0.1690743266251253,Amer-Indian-Eskimo,436.0,2.2358705095899536,3,0.30550274116496656,1.0981679796573465,"7,10,6,20"
44,race,0.1690743266251253,Amer-Indian-Eskimo,436.0,2.2358705095899536,4,0.32913802127201364,1.0981679796573465,"7,10,6,20"
45,race,0.1690743266251253,Amer-Indian-Eskimo,436.0,2.2358705095899536,5,0.3053906006505622,1.0981679796573465,"7,10,6,20"
46,race,0.1690743266251253,Amer-Indian-Eskimo,436.0,2.2358705095899536,6,0.2895408877634367,1.0981679796573465,"7,10,6,20"
47,race,0.1690743266251253,Amer-Indian-Eskimo,436.0,2.2358705095899536,7,0.2895325128699903,1.0981679796573465,"7,10,6,20"
48,race,0.1690743266251253,Amer-Indian-Eskimo,436.0,2.2358705095899536,8,0.2771454260335288,1.0981679796573465,"7,10,6,20"
49,race,0.1690743266251253,Amer-Indian-Eskimo,436.0,2.2358705095899536,9,0.2427582122559191,1.0981679796573465,"7,10,6,20"
50,race,0.1690743266251253,Amer-Indian-Eskimo,436.0,2.2358705095899536,10,0.25271253465575005,1.0981679796573465,"7,10,6,20"
51,race,0.1690743266251253,Amer-Indian-Eskimo,436.0,2.2358705095899536,11,0.25334054416707597,1.0981679796573465,"7,10,6,20"
52,race,0.1690743266251253,Amer-Indian-Eskimo,436.0,2.2358705095899536,12,0.29989637919695666,1.0981679796573465,"7,10,6,20"
53,race,0.1690743266251253,Amer-Indian-Eskimo,436.0,2.2358705095899536,13,0.2731292748907555,1.0981679796573465,"7,10,6,20"
54,race,0.1690743266251253,Amer-Indian-Eskimo,436.0,2.2358705095899536,14,0.2603260873981993,1.0981679796573465,"7,10,6,20"
55,race,0.1690743266251253,Amer-Indian-Eskimo,436.0,2.2358705095899536,15,0.301959041072193,1.0981679796573465,"7,10,6,20"
56,race,0.1690743266251253,Amer-Indian-Eskimo,436.0,2.2358705095899536,16,0.30988490447411315,1.0981679796573465,"7,10,6,20"
57,race,0.1690743266251253,Amer-Indian-Eskimo,436.0,2.2358705095899536,17,0.3166861688913879,1.0981679796573465,"7,10,6,20"
58,race,0.1690743266251253,Amer-Indian-Eskimo,436.0,2.2358705095899536,18,0.36518852582393646,1.0981679796573465,"7,10,6,20"
59,race,0.1690743266251253,Amer-Indian-Eskimo,436.0,2.2358705095899536,19,0.2436616294348225,1.0981679796573465,"7,10,6,20"
60,race,0.1690743266251253,Asian-Pac-Islander,1303.0,2.2113244281651747,0,0.3179330784729205,1.0981679796573465,"7,10,6,20"
61,race,0.1690743266251253,Asian-Pac-Islander,1303.0,2.2113244281651747,1,0.30959838747293555,1.0981679796573465,"7,10,6,20"
62,race,0.1690743266251253,Asian-Pac-Islander,1303.0,2.2113244281651747,2,0.3196126160225954,1.0981679796573465,"7,10,6,20"
63,race,0.1690743266251253,Asian-Pac-Islander,1303.0,2.2113244281651747,3,0.30550274116496656,1.0981679796573465,"7,10,6,20"
64,race,0.1690743266251253,Asian-Pac-Islander,1303.0,2.2113244281651747,4,0.32913802127201364,1.0981679796573465,"7,10,6,20"
65,race,0.1690743266251253,Asian-Pac-Islander,1303.0,2.2113244281651747,5,0.3053906006505622,1.0981679796573465,"7,10,6,20"
66,race,0.1690743266251253,Asian-Pac-Islander,1303.0,2.2113244281651747,6,0.2895408877634367,1.0981679796573465,"7,10,6,20"
67,race,0.1690743266251253,Asian-Pac-Islander,1303.0,2.2113244281651747,7,0.2895325128699903,1.0981679796573465,"7,10,6,20"
68,race,0.1690743266251253,Asian-Pac-Islander,1303.0,2.2113244281651747,8,0.2771454260335288,1.0981679796573465,"7,10,6,20"
69,race,0.1690743266251253,Asian-Pac-Islander,1303.0,2.2113244281651747,9,0.2427582122559191,1.0981679796573465,"7,10,6,20"
70,race,0.1690743266251253,Asian-Pac-Islander,1303.0,2.2113244281651747,10,0.25271253465575005,1.0981679796573465,"7,10,6,20"
71,race,0.1690743266251253,Asian-Pac-Islander,1303.0,2.2113244281651747,11,0.25334054416707597,1.0981679796573465,"7,10,6,20"
72,race,0.1690743266251253,Asian-Pac-Islander,1303.0,2.2113244281651747,12,0.29989637919695666,1.0981679796573465,"7,10,6,20"
73,race,0.1690743266251253,Asian-Pac-Islander,1303.0,2.2113244281651747,13,0.2731292748907555,1.0981679796573465,"7,10,6,20"
74,race,0.1690743266251253,Asian-Pac-Islander,1303.0,2.2113244281651747,14,0.2603260873981993,1.0981679796573465,"7,10,6,20"
75,race,0.1690743266251253,Asian-Pac-Islander,1303.0,2.2113244281651747,15,0.301959041072193,1.0981679796573465,"7,10,6,20"
76,race,0.1690743266251253,Asian-Pac-Islander,1303.0,2.2113244281651747,16,0.30988490447411315,1.0981679796573465,"7,10,6,20"
77,race,0.1690743266251253,Asian-Pac-Islander,1303.0,2.2113244281651747,17,0.3166861688913879,1.0981679796573465,"7,10,6,20"
78,race,0.1690743266251253,Asian-Pac-Islander,1303.0,2.2113244281651747,18,0.36518852582393646,1.0981679796573465,"7,10,6,20"
79,race,0.1690743266251253,Asian-Pac-Islander,1303.0,2.2113244281651747,19,0.2436616294348225,1.0981679796573465,"7,10,6,20"
80,race,0.1690743266251253,Black,4236.0,1.5907647697350393,0,0.3179330784729205,1.0981679796573465,"7,10,6,20"
81,race,0.1690743266251253,Black,4236.0,1.5907647697350393,1,0.30959838747293555,1.0981679796573465,"7,10,6,20"
82,race,0.1690743266251253,Black,4236.0,1.5907647697350393,2,0.3196126160225954,1.0981679796573465,"7,10,6,20"
83,race,0.1690743266251253,Black,4236.0,1.5907647697350393,3,0.30550274116496656,1.0981679796573465,"7,10,6,20"
84,race,0.1690743266251253,Black,4236.0,1.5907647697350393,4,0.32913802127201364,1.0981679796573465,"7,10,6,20"
85,race,0.1690743266251253,Black,4236.0,1.5907647697350393,5,0.3053906006505622,1.0981679796573465,"7,10,6,20"
86,race,0.1690743266251253,Black,4236.0,1.5907647697350393,6,0.2895408877634367,1.0981679796573465,"7,10,6,20"
87,race,0.1690743266251253,Black,4236.0,1.5907647697350393,7,0.2895325128699903,1.0981679796573465,"7,10,6,20"
88,race,0.1690743266251253,Black,4236.0,1.5907647697350393,8,0.2771454260335288,1.0981679796573465,"7,10,6,20"
89,race,0.1690743266251253,Black,4236.0,1.5907647697350393,9,0.2427582122559191,1.0981679796573465,"7,10,6,20"
90,race,0.1690743266251253,Black,4236.0,1.5907647697350393,10,0.25271253465575005,1.0981679796573465,"7,10,6,20"
91,race,0.1690743266251253,Black,4236.0,1.5907647697350393,11,0.25334054416707597,1.0981679796573465,"7,10,6,20"
92,race,0.1690743266251253,Black,4236.0,1.5907647697350393,12,0.29989637919695666,1.0981679796573465,"7,10,6,20"
93,race,0.1690743266251253,Black,4236.0,1.5907647697350393,13,0.2731292748907555,1.0981679796573465,"7,10,6,20"
94,race,0.1690743266251253,Black,4236.0,1.5907647697350393,14,0.2603260873981993,1.0981679796573465,"7,10,6,20"
95,race,0.1690743266251253,Black,4236.0,1.5907647697350393,15,0.301959041072193,1.0981679796573465,"7,10,6,20"
96,race,0.1690743266251253,Black,4236.0,1.5907647697350393,16,0.30988490447411315,1.0981679796573465,"7,10,6,20"
97,race,0.1690743266251253,Black,4236.0,1.5907647697350393,17,0.3166861688913879,1.0981679796573465,"7,10,6,20"
98,race,0.1690743266251253,Black,4236.0,1.5907647697350393,18,0.36518852582393646,1.0981679796573465,"7,10,6,20"
99,race,0.1690743266251253,Black,4236.0,1.5907647697350393,19,0.2436616294348225,1.0981679796573465,"7,10,6,20"
100,race,0.1690743266251253,Other,353.0,2.244225029521565,0,0.3179330784729205,1.0981679796573465,"7,10,6,20"
101,race,0.1690743266251253,Other,353.0,2.244225029521565,1,0.30959838747293555,1.0981679796573465,"7,10,6,20"
102,race,0.1690743266251253,Other,353.0,2.244225029521565,2,0.3196126160225954,1.0981679796573465,"7,10,6,20"
103,race,0.1690743266251253,Other,353.0,2.244225029521565,3,0.30550274116496656,1.0981679796573465,"7,10,6,20"
104,race,0.1690743266251253,Other,353.0,2.244225029521565,4,0.32913802127201364,1.0981679796573465,"7,10,6,20"
105,race,0.1690743266251253,Other,353.0,2.244225029521565,5,0.3053906006505622,1.0981679796573465,"7,10,6,20"
106,race,0.1690743266251253,Other,353.0,2.244225029521565,6,0.2895408877634367,1.0981679796573465,"7,10,6,20"
107,race,0.1690743266251253,Other,353.0,2.244225029521565,7,0.2895325128699903,1.0981679796573465,"7,10,6,20"
108,race,0.1690743266251253,Other,353.0,2.244225029521565,8,0.2771454260335288,1.0981679796573465,"7,10,6,20"
109,race,0.1690743266251253,Other,353.0,2.244225029521565,9,0.2427582122559191,1.0981679796573465,"7,10,6,20"
110,race,0.1690743266251253,Other,353.0,2.244225029521565,10,0.25271253465575005,1.0981679796573465,"7,10,6,20"
111,race,0.1690743266251253,Other,353.0,2.244225029521565,11,0.25334054416707597,1.0981679796573465,"7,10,6,20"
112,race,0.1690743266251253,Other,353.0,2.244225029521565,12,0.29989637919695666,1.0981679796573465,"7,10,6,20"
113,race,0.1690743266251253,Other,353.0,2.244225029521565,13,0.2731292748907555,1.0981679796573465,"7,10,6,20"
114,race,0.1690743266251253,Other,353.0,2.244225029521565,14,0.2603260873981993,1.0981679796573465,"7,10,6,20"
115,race,0.1690743266251253,Other,353.0,2.244225029521565,15,0.301959041072193,1.0981679796573465,"7,10,6,20"
116,race,0.1690743266251253,Other,353.0,2.244225029521565,16,0.30988490447411315,1.0981679796573465,"7,10,6,20"
117,race,0.1690743266251253,Other,353.0,2.244225029521565,17,0.3166861688913879,1.0981679796573465,"7,10,6,20"
118,race,0.1690743266251253,Other,353.0,2.244225029521565,18,0.36518852582393646,1.0981679796573465,"7,10,6,20"
119,race,0.1690743266251253,Other,353.0,2.244225029521565,19,0.2436616294348225,1.0981679796573465,"7,10,6,20"
120,race,0.1690743266251253,White,39521.0,1.13323304931486,0,0.3179330784729205,1.0981679796573465,"7,10,6,20"
121,race,0.1690743266251253,White,39521.0,1.13323304931486,1,0.30959838747293555,1.0981679796573465,"7,10,6,20"
122,race,0.1690743266251253,White,39521.0,1.13323304931486,2,0.3196126160225954,1.0981679796573465,"7,10,6,20"
123,race,0.1690743266251253,White,39521.0,1.13323304931486,3,0.30550274116496656,1.0981679796573465,"7,10,6,20"
124,race,0.1690743266251253,White,39521.0,1.13323304931486,4,0.32913802127201364,1.0981679796573465,"7,10,6,20"
125,race,0.1690743266251253,White,39521.0,1.13323304931486,5,0.3053906006505622,1.0981679796573465,"7,10,6,20"
126,race,0.1690743266251253,White,39521.0,1.13323304931486,6,0.2895408877634367,1.0981679796573465,"7,10,6,20"
127,race,0.1690743266251253,White,39521.0,1.13323304931486,7,0.2895325128699903,1.0981679796573465,"7,10,6,20"
128,race,0.1690743266251253,White,39521.0,1.13323304931486,8,0.2771454260335288,1.0981679796573465,"7,10,6,20"
129,race,0.1690743266251253,White,39521.0,1.13323304931486,9,0.2427582122559191,1.0981679796573465,"7,10,6,20"
130,race,0.1690743266251253,White,39521.0,1.13323304931486,10,0.25271253465575005,1.0981679796573465,"7,10,6,20"
131,race,0.1690743266251253,White,39521.0,1.13323304931486,11,0.25334054416707597,1.0981679796573465,"7,10,6,20"
132,race,0.1690743266251253,White,39521.0,1.13323304931486,12,0.29989637919695666,1.0981679796573465,"7,10,6,20"
133,race,0.1690743266251253,White,39521.0,1.13323304931486,13,0.2731292748907555,1.0981679796573465,"7,10,6,20"
134,race,0.1690743266251253,White,39521.0,1.13323304931486,14,0.2603260873981993,1.0981679796573465,"7,10,6,20"
135,race,0.1690743266251253,White,39521.0,1.13323304931486,15,0.301959041072193,1.0981679796573465,"7,10,6,20"
136,race,0.1690743266251253,White,39521.0,1.13323304931486,16,0.30988490447411315,1.0981679796573465,"7,10,6,20"
137,race,0.1690743266251253,White,39521.0,1.13323304931486,17,0.3166861688913879,1.0981679796573465,"7,10,6,20"
138,race,0.1690743266251253,White,39521.0,1.13323304931486,18,0.36518852582393646,1.0981679796573465,"7,10,6,20"
139,race,0.1690743266251253,White,39521.0,1.13323304931486,19,0.2436616294348225,1.0981679796573465,"7,10,6,20"
140,age_bins,0.39565962647411695,1 to 20,3059.0,0.5360803005658091,0,0.7041346843601721,1.0981679796573465,"7,10,6,20"
141,age_bins,0.39565962647411695,1 to 20,3059.0,0.5360803005658091,1,0.6440119804421507,1.0981679796573465,"7,10,6,20"
142,age_bins,0.39565962647411695,1 to 20,3059.0,0.5360803005658091,2,0.5251100696998009,1.0981679796573465,"7,10,6,20"
143,age_bins,0.39565962647411695,1 to 20,3059.0,0.5360803005658091,3,0.47500131572650933,1.0981679796573465,"7,10,6,20"
144,age_bins,0.39565962647411695,1 to 20,3059.0,0.5360803005658091,4,0.47614007496719757,1.0981679796573465,"7,10,6,20"
145,age_bins,0.39565962647411695,1 to 20,3059.0,0.5360803005658091,5,0.43158586202865984,1.0981679796573465,"7,10,6,20"
146,age_bins,0.39565962647411695,1 to 20,3059.0,0.5360803005658091,6,0.420540965596406,1.0981679796573465,"7,10,6,20"
147,age_bins,0.39565962647411695,1 to 20,3059.0,0.5360803005658091,7,0.4638172580797539,1.0981679796573465,"7,10,6,20"
148,age_bins,0.39565962647411695,1 to 20,3059.0,0.5360803005658091,8,0.43831210669845977,1.0981679796573465,"7,10,6,20"
149,age_bins,0.39565962647411695,1 to 20,3059.0,0.5360803005658091,9,0.47522953347864694,1.0981679796573465,"7,10,6,20"
150,age_bins,0.39565962647411695,1 to 20,3059.0,0.5360803005658091,10,0.4640605389307952,1.0981679796573465,"7,10,6,20"
151,age_bins,0.39565962647411695,1 to 20,3059.0,0.5360803005658091,11,0.46244109321683213,1.0981679796573465,"7,10,6,20"
152,age_bins,0.39565962647411695,1 to 20,3059.0,0.5360803005658091,12,0.4481579691533357,1.0981679796573465,"7,10,6,20"
153,age_bins,0.39565962647411695,1 to 20,3059.0,0.5360803005658091,13,0.480703354519034,1.0981679796573465,"7,10,6,20"
154,age_bins,0.39565962647411695,1 to 20,3059.0,0.5360803005658091,14,0.5019213873158984,1.0981679796573465,"7,10,6,20"
155,age_bins,0.39565962647411695,1 to 20,3059.0,0.5360803005658091,15,0.5668278622740781,1.0981679796573465,"7,10,6,20"
156,age_bins,0.39565962647411695,1 to 20,3059.0,0.5360803005658091,16,0.5481590528755121,1.0981679796573465,"7,10,6,20"
157,age_bins,0.39565962647411695,1 to 20,3059.0,0.5360803005658091,17,0.5891129832207376,1.0981679796573465,"7,10,6,20"
158,age_bins,0.39565962647411695,1 to 20,3059.0,0.5360803005658091,18,0.5859687954995334,1.0981679796573465,"7,10,6,20"
159,age_bins,0.39565962647411695,1 to 20,3059.0,0.5360803005658091,19,0.5150123544831945,1.0981679796573465,"7,10,6,20"
160,age_bins,0.39565962647411695,21 to 40,23976.0,1.114537176047685,0,0.7041346843601721,1.0981679796573465,"7,10,6,20"
161,age_bins,0.39565962647411695,21 to 40,23976.0,1.114537176047685,1,0.6440119804421507,1.0981679796573465,"7,10,6,20"
162,age_bins,0.39565962647411695,21 to 40,23976.0,1.114537176047685,2,0.5251100696998009,1.0981679796573465,"7,10,6,20"
163,age_bins,0.39565962647411695,21 to 40,23976.0,1.114537176047685,3,0.47500131572650933,1.0981679796573465,"7,10,6,20"
164,age_bins,0.39565962647411695,21 to 40,23976.0,1.114537176047685,4,0.47614007496719757,1.0981679796573465,"7,10,6,20"
165,age_bins,0.39565962647411695,21 to 40,23976.0,1.114537176047685,5,0.43158586202865984,1.0981679796573465,"7,10,6,20"
166,age_bins,0.39565962647411695,21 to 40,23976.0,1.114537176047685,6,0.420540965596406,1.0981679796573465,"7,10,6,20"
167,age_bins,0.39565962647411695,21 to 40,23976.0,1.114537176047685,7,0.4638172580797539,1.0981679796573465,"7,10,6,20"
168,age_bins,0.39565962647411695,21 to 40,23976.0,1.114537176047685,8,0.43831210669845977,1.0981679796573465,"7,10,6,20"
169,age_bins,0.39565962647411695,21 to 40,23976.0,1.114537176047685,9,0.47522953347864694,1.0981679796573465,"7,10,6,20"
170,age_bins,0.39565962647411695,21 to 40,23976.0,1.114537176047685,10,0.4640605389307952,1.0981679796573465,"7,10,6,20"
171,age_bins,0.39565962647411695,21 to 40,23976.0,1.114537176047685,11,0.46244109321683213,1.0981679796573465,"7,10,6,20"
172,age_bins,0.39565962647411695,21 to 40,23976.0,1.114537176047685,12,0.4481579691533357,1.0981679796573465,"7,10,6,20"
173,age_bins,0.39565962647411695,21 to 40,23976.0,1.114537176047685,13,0.480703354519034,1.0981679796573465,"7,10,6,20"
174,age_bins,0.39565962647411695,21 to 40,23976.0,1.114537176047685,14,0.5019213873158984,1.0981679796573465,"7,10,6,20"
175,age_bins,0.39565962647411695,21 to 40,23976.0,1.114537176047685,15,0.5668278622740781,1.0981679796573465,"7,10,6,20"
176,age_bins,0.39565962647411695,21 to 40,23976.0,1.114537176047685,16,0.5481590528755121,1.0981679796573465,"7,10,6,20"
177,age_bins,0.39565962647411695,21 to 40,23976.0,1.114537176047685,17,0.5891129832207376,1.0981679796573465,"7,10,6,20"
178,age_bins,0.39565962647411695,21 to 40,23976.0,1.114537176047685,18,0.5859687954995334,1.0981679796573465,"7,10,6,20"
179,age_bins,0.39565962647411695,21 to 40,23976.0,1.114537176047685,19,0.5150123544831945,1.0981679796573465,"7,10,6,20"
180,age_bins,0.39565962647411695,41 to 60,15954.0,1.3522304407174788,0,0.7041346843601721,1.0981679796573465,"7,10,6,20"
181,age_bins,0.39565962647411695,41 to 60,15954.0,1.3522304407174788,1,0.6440119804421507,1.0981679796573465,"7,10,6,20"
182,age_bins,0.39565962647411695,41 to 60,15954.0,1.3522304407174788,2,0.5251100696998009,1.0981679796573465,"7,10,6,20"
183,age_bins,0.39565962647411695,41 to 60,15954.0,1.3522304407174788,3,0.47500131572650933,1.0981679796573465,"7,10,6,20"
184,age_bins,0.39565962647411695,41 to 60,15954.0,1.3522304407174788,4,0.47614007496719757,1.0981679796573465,"7,10,6,20"
185,age_bins,0.39565962647411695,41 to 60,15954.0,1.3522304407174788,5,0.43158586202865984,1.0981679796573465,"7,10,6,20"
186,age_bins,0.39565962647411695,41 to 60,15954.0,1.3522304407174788,6,0.420540965596406,1.0981679796573465,"7,10,6,20"
187,age_bins,0.39565962647411695,41 to 60,15954.0,1.3522304407174788,7,0.4638172580797539,1.0981679796573465,"7,10,6,20"
188,age_bins,0.39565962647411695,41 to 60,15954.0,1.3522304407174788,8,0.43831210669845977,1.0981679796573465,"7,10,6,20"
189,age_bins,0.39565962647411695,41 to 60,15954.0,1.3522304407174788,9,0.47522953347864694,1.0981679796573465,"7,10,6,20"
190,age_bins,0.39565962647411695,41 to 60,15954.0,1.3522304407174788,10,0.4640605389307952,1.0981679796573465,"7,10,6,20"
191,age_bins,0.39565962647411695,41 to 60,15954.0,1.3522304407174788,11,0.46244109321683213,1.0981679796573465,"7,10,6,20"
192,age_bins,0.39565962647411695,41 to 60,15954.0,1.3522304407174788,12,0.4481579691533357,1.0981679796573465,"7,10,6,20"
193,age_bins,0.39565962647411695,41 to 60,15954.0,1.3522304407174788,13,0.480703354519034,1.0981679796573465,"7,10,6,20"
194,age_bins,0.39565962647411695,41 to 60,15954.0,1.3522304407174788,14,0.5019213873158984,1.0981679796573465,"7,10,6,20"
195,age_bins,0.39565962647411695,41 to 60,15954.0,1.3522304407174788,15,0.5668278622740781,1.0981679796573465,"7,10,6,20"
196,age_bins,0.39565962647411695,41 to 60,15954.0,1.3522304407174788,16,0.5481590528755121,1.0981679796573465,"7,10,6,20"
197,age_bins,0.39565962647411695,41 to 60,15954.0,1.3522304407174788,17,0.5891129832207376,1.0981679796573465,"7,10,6,20"
198,age_bins,0.39565962647411695,41 to 60,15954.0,1.3522304407174788,18,0.5859687954995334,1.0981679796573465,"7,10,6,20"
199,age_bins,0.39565962647411695,41 to 60,15954.0,1.3522304407174788,19,0.5150123544831945,1.0981679796573465,"7,10,6,20"
200,age_bins,0.39565962647411695,61 to 80,2746.0,2.0360044739987093,0,0.7041346843601721,1.0981679796573465,"7,10,6,20"
201,age_bins,0.39565962647411695,61 to 80,2746.0,2.0360044739987093,1,0.6440119804421507,1.0981679796573465,"7,10,6,20"
202,age_bins,0.39565962647411695,61 to 80,2746.0,2.0360044739987093,2,0.5251100696998009,1.0981679796573465,"7,10,6,20"
203,age_bins,0.39565962647411695,61 to 80,2746.0,2.0360044739987093,3,0.47500131572650933,1.0981679796573465,"7,10,6,20"
204,age_bins,0.39565962647411695,61 to 80,2746.0,2.0360044739987093,4,0.47614007496719757,1.0981679796573465,"7,10,6,20"
205,age_bins,0.39565962647411695,61 to 80,2746.0,2.0360044739987093,5,0.43158586202865984,1.0981679796573465,"7,10,6,20"
206,age_bins,0.39565962647411695,61 to 80,2746.0,2.0360044739987093,6,0.420540965596406,1.0981679796573465,"7,10,6,20"
207,age_bins,0.39565962647411695,61 to 80,2746.0,2.0360044739987093,7,0.4638172580797539,1.0981679796573465,"7,10,6,20"
208,age_bins,0.39565962647411695,61 to 80,2746.0,2.0360044739987093,8,0.43831210669845977,1.0981679796573465,"7,10,6,20"
209,age_bins,0.39565962647411695,61 to 80,2746.0,2.0360044739987093,9,0.47522953347864694,1.0981679796573465,"7,10,6,20"
210,age_bins,0.39565962647411695,61 to 80,2746.0,2.0360044739987093,10,0.4640605389307952,1.0981679796573465,"7,10,6,20"
211,age_bins,0.39565962647411695,61 to 80,2746.0,2.0360044739987093,11,0.46244109321683213,1.0981679796573465,"7,10,6,20"
212,age_bins,0.39565962647411695,61 to 80,2746.0,2.0360044739987093,12,0.4481579691533357,1.0981679796573465,"7,10,6,20"
213,age_bins,0.39565962647411695,61 to 80,2746.0,2.0360044739987093,13,0.480703354519034,1.0981679796573465,"7,10,6,20"
214,age_bins,0.39565962647411695,61 to 80,2746.0,2.0360044739987093,14,0.5019213873158984,1.0981679796573465,"7,10,6,20"
215,age_bins,0.39565962647411695,61 to 80,2746.0,2.0360044739987093,15,0.5668278622740781,1.0981679796573465,"7,10,6,20"
216,age_bins,0.39565962647411695,61 to 80,2746.0,2.0360044739987093,16,0.5481590528755121,1.0981679796573465,"7,10,6,20"
217,age_bins,0.39565962647411695,61 to 80,2746.0,2.0360044739987093,17,0.5891129832207376,1.0981679796573465,"7,10,6,20"
218,age_bins,0.39565962647411695,61 to 80,2746.0,2.0360044739987093,18,0.5859687954995334,1.0981679796573465,"7,10,6,20"
219,age_bins,0.39565962647411695,61 to 80,2746.0,2.0360044739987093,19,0.5150123544831945,1.0981679796573465,"7,10,6,20"
220,age_bins,0.39565962647411695,81 to 100,114.0,2.4329724706275675,0,0.7041346843601721,1.0981679796573465,"7,10,6,20"
221,age_bins,0.39565962647411695,81 to 100,114.0,2.4329724706275675,1,0.6440119804421507,1.0981679796573465,"7,10,6,20"
222,age_bins,0.39565962647411695,81 to 100,114.0,2.4329724706275675,2,0.5251100696998009,1.0981679796573465,"7,10,6,20"
223,age_bins,0.39565962647411695,81 to 100,114.0,2.4329724706275675,3,0.47500131572650933,1.0981679796573465,"7,10,6,20"
224,age_bins,0.39565962647411695,81 to 100,114.0,2.4329724706275675,4,0.47614007496719757,1.0981679796573465,"7,10,6,20"
225,age_bins,0.39565962647411695,81 to 100,114.0,2.4329724706275675,5,0.43158586202865984,1.0981679796573465,"7,10,6,20"
226,age_bins,0.39565962647411695,81 to 100,114.0,2.4329724706275675,6,0.420540965596406,1.0981679796573465,"7,10,6,20"
227,age_bins,0.39565962647411695,81 to 100,114.0,2.4329724706275675,7,0.4638172580797539,1.0981679796573465,"7,10,6,20"
228,age_bins,0.39565962647411695,81 to 100,114.0,2.4329724706275675,8,0.43831210669845977,1.0981679796573465,"7,10,6,20"
229,age_bins,0.39565962647411695,81 to 100,114.0,2.4329724706275675,9,0.47522953347864694,1.0981679796573465,"7,10,6,20"
230,age_bins,0.39565962647411695,81 to 100,114.0,2.4329724706275675,10,0.4640605389307952,1.0981679796573465,"7,10,6,20"
231,age_bins,0.39565962647411695,81 to 100,114.0,2.4329724706275675,11,0.46244109321683213,1.0981679796573465,"7,10,6,20"
232,age_bins,0.39565962647411695,81 to 100,114.0,2.4329724706275675,12,0.4481579691533357,1.0981679796573465,"7,10,6,20"
233,age_bins,0.39565962647411695,81 to 100,114.0,2.4329724706275675,13,0.480703354519034,1.0981679796573465,"7,10,6,20"
234,age_bins,0.39565962647411695,81 to 100,114.0,2.4329724706275675,14,0.5019213873158984,1.0981679796573465,"7,10,6,20"
235,age_bins,0.39565962647411695,81 to 100,114.0,2.4329724706275675,15,0.5668278622740781,1.0981679796573465,"7,10,6,20"
236,age_bins,0.39565962647411695,81 to 100,114.0,2.4329724706275675,16,0.5481590528755121,1.0981679796573465,"7,10,6,20"
237,age_bins,0.39565962647411695,81 to 100,114.0,2.4329724706275675,17,0.5891129832207376,1.0981679796573465,"7,10,6,20"
238,age_bins,0.39565962647411695,81 to 100,114.0,2.4329724706275675,18,0.5859687954995334,1.0981679796573465,"7,10,6,20"
239,age_bins,0.39565962647411695,81 to 100,114.0,2.4329724706275675,19,0.5150123544831945,1.0981679796573465,"7,10,6,20"
240,marital-status,0.8799017315355309,Divorced,6343.0,1.232016393388184,0,0.6511337270598998,1.0981679796573465,"7,10,6,20"
241,marital-status,0.8799017315355309,Divorced,6343.0,1.232016393388184,1,0.8210409404558121,1.0981679796573465,"7,10,6,20"
242,marital-status,0.8799017315355309,Divorced,6343.0,1.232016393388184,2,0.8892639240920219,1.0981679796573465,"7,10,6,20"
243,marital-status,0.8799017315355309,Divorced,6343.0,1.232016393388184,3,0.9432511408423768,1.0981679796573465,"7,10,6,20"
244,marital-status,0.8799017315355309,Divorced,6343.0,1.232016393388184,4,1.0038155130750464,1.0981679796573465,"7,10,6,20"
245,marital-status,0.8799017315355309,Divorced,6343.0,1.232016393388184,5,0.9933174429388695,1.0981679796573465,"7,10,6,20"
246,marital-status,0.8799017315355309,Divorced,6343.0,1.232016393388184,6,0.9856528685256075,1.0981679796573465,"7,10,6,20"
247,marital-status,0.8799017315355309,Divorced,6343.0,1.232016393388184,7,0.9571837958717192,1.0981679796573465,"7,10,6,20"
248,marital-status,0.8799017315355309,Divorced,6343.0,1.232016393388184,8,0.8953822432138075,1.0981679796573465,"7,10,6,20"
249,marital-status,0.8799017315355309,Divorced,6343.0,1.232016393388184,9,0.7567073784552318,1.0981679796573465,"7,10,6,20"
250,marital-status,0.8799017315355309,Divorced,6343.0,1.232016393388184,10,0.74125481438882,1.0981679796573465,"7,10,6,20"
251,marital-status,0.8799017315355309,Divorced,6343.0,1.232016393388184,11,0.6621064830784946,1.0981679796573465,"7,10,6,20"
252,marital-status,0.8799017315355309,Divorced,6343.0,1.232016393388184,12,0.5784254230126167,1.0981679796573465,"7,10,6,20"
253,marital-status,0.8799017315355309,Divorced,6343.0,1.232016393388184,13,0.5096585259191355,1.0981679796573465,"7,10,6,20"
254,marital-status,0.8799017315355309,Divorced,6343.0,1.232016393388184,14,0.4853688765191546,1.0981679796573465,"7,10,6,20"
255,marital-status,0.8799017315355309,Divorced,6343.0,1.232016393388184,15,0.5056105330683189,1.0981679796573465,"7,10,6,20"
256,marital-status,0.8799017315355309,Divorced,6343.0,1.232016393388184,16,0.5006339896181216,1.0981679796573465,"7,10,6,20"
257,marital-status,0.8799017315355309,Divorced,6343.0,1.232016393388184,17,0.37761845149380563,1.0981679796573465,"7,10,6,20"
258,marital-status,0.8799017315355309,Divorced,6343.0,1.232016393388184,18,0.5256089519420125,1.0981679796573465,"7,10,6,20"
259,marital-status,0.8799017315355309,Divorced,6343.0,1.232016393388184,19,0.47635241370824827,1.0981679796573465,"7,10,6,20"
260,marital-status,0.8799017315355309,Married-AF-spouse,32.0,2.680212509976858,0,0.6511337270598998,1.0981679796573465,"7,10,6,20"
261,marital-status,0.8799017315355309,Married-AF-spouse,32.0,2.680212509976858,1,0.8210409404558121,1.0981679796573465,"7,10,6,20"
262,marital-status,0.8799017315355309,Married-AF-spouse,32.0,2.680212509976858,2,0.8892639240920219,1.0981679796573465,"7,10,6,20"
263,marital-status,0.8799017315355309,Married-AF-spouse,32.0,2.680212509976858,3,0.9432511408423768,1.0981679796573465,"7,10,6,20"
264,marital-status,0.8799017315355309,Married-AF-spouse,32.0,2.680212509976858,4,1.0038155130750464,1.0981679796573465,"7,10,6,20"
265,marital-status,0.8799017315355309,Married-AF-spouse,32.0,2.680212509976858,5,0.9933174429388695,1.0981679796573465,"7,10,6,20"
266,marital-status,0.8799017315355309,Married-AF-spouse,32.0,2.680212509976858,6,0.9856528685256075,1.0981679796573465,"7,10,6,20"
267,marital-status,0.8799017315355309,Married-AF-spouse,32.0,2.680212509976858,7,0.9571837958717192,1.0981679796573465,"7,10,6,20"
268,marital-status,0.8799017315355309,Married-AF-spouse,32.0,2.680212509976858,8,0.8953822432138075,1.0981679796573465,"7,10,6,20"
269,marital-status,0.8799017315355309,Married-AF-spouse,32.0,2.680212509976858,9,0.7567073784552318,1.0981679796573465,"7,10,6,20"
270,marital-status,0.8799017315355309,Married-AF-spouse,32.0,2.680212509976858,10,0.74125481438882,1.0981679796573465,"7,10,6,20"
271,marital-status,0.8799017315355309,Married-AF-spouse,32.0,2.680212509976858,11,0.6621064830784946,1.0981679796573465,"7,10,6,20"
272,marital-status,0.8799017315355309,Married-AF-spouse,32.0,2.680212509976858,12,0.5784254230126167,1.0981679796573465,"7,10,6,20"
273,marital-status,0.8799017315355309,Married-AF-spouse,32.0,2.680212509976858,13,0.5096585259191355,1.0981679796573465,"7,10,6,20"
274,marital-status,0.8799017315355309,Married-AF-spouse,32.0,2.680212509976858,14,0.4853688765191546,1.0981679796573465,"7,10,6,20"
275,marital-status,0.8799017315355309,Married-AF-spouse,32.0,2.680212509976858,15,0.5056105330683189,1.0981679796573465,"7,10,6,20"
276,marital-status,0.8799017315355309,Married-AF-spouse,32.0,2.680212509976858,16,0.5006339896181216,1.0981679796573465,"7,10,6,20"
277,marital-status,0.8799017315355309,Married-AF-spouse,32.0,2.680212509976858,17,0.37761845149380563,1.0981679796573465,"7,10,6,20"
278,marital-status,0.8799017315355309,Married-AF-spouse,32.0,2.680212509976858,18,0.5256089519420125,1.0981679796573465,"7,10,6,20"
279,marital-status,0.8799017315355309,Married-AF-spouse,32.0,2.680212509976858,19,0.47635241370824827,1.0981679796573465,"7,10,6,20"
280,marital-status,0.8799017315355309,Married-civ-spouse,21377.0,0.9231833489040365,0,0.6511337270598998,1.0981679796573465,"7,10,6,20"
281,marital-status,0.8799017315355309,Married-civ-spouse,21377.0,0.9231833489040365,1,0.8210409404558121,1.0981679796573465,"7,10,6,20"
282,marital-status,0.8799017315355309,Married-civ-spouse,21377.0,0.9231833489040365,2,0.8892639240920219,1.0981679796573465,"7,10,6,20"
283,marital-status,0.8799017315355309,Married-civ-spouse,21377.0,0.9231833489040365,3,0.9432511408423768,1.0981679796573465,"7,10,6,20"
284,marital-status,0.8799017315355309,Married-civ-spouse,21377.0,0.9231833489040365,4,1.0038155130750464,1.0981679796573465,"7,10,6,20"
285,marital-status,0.8799017315355309,Married-civ-spouse,21377.0,0.9231833489040365,5,0.9933174429388695,1.0981679796573465,"7,10,6,20"
286,marital-status,0.8799017315355309,Married-civ-spouse,21377.0,0.9231833489040365,6,0.9856528685256075,1.0981679796573465,"7,10,6,20"
287,marital-status,0.8799017315355309,Married-civ-spouse,21377.0,0.9231833489040365,7,0.9571837958717192,1.0981679796573465,"7,10,6,20"
288,marital-status,0.8799017315355309,Married-civ-spouse,21377.0,0.9231833489040365,8,0.8953822432138075,1.0981679796573465,"7,10,6,20"
289,marital-status,0.8799017315355309,Married-civ-spouse,21377.0,0.9231833489040365,9,0.7567073784552318,1.0981679796573465,"7,10,6,20"
290,marital-status,0.8799017315355309,Married-civ-spouse,21377.0,0.9231833489040365,10,0.74125481438882,1.0981679796573465,"7,10,6,20"
291,marital-status,0.8799017315355309,Married-civ-spouse,21377.0,0.9231833489040365,11,0.6621064830784946,1.0981679796573465,"7,10,6,20"
292,marital-status,0.8799017315355309,Married-civ-spouse,21377.0,0.9231833489040365,12,0.5784254230126167,1.0981679796573465,"7,10,6,20"
293,marital-status,0.8799017315355309,Married-civ-spouse,21377.0,0.9231833489040365,13,0.5096585259191355,1.0981679796573465,"7,10,6,20"
294,marital-status,0.8799017315355309,Married-civ-spouse,21377.0,0.9231833489040365,14,0.4853688765191546,1.0981679796573465,"7,10,6,20"
295,marital-status,0.8799017315355309,Married-civ-spouse,21377.0,0.9231833489040365,15,0.5056105330683189,1.0981679796573465,"7,10,6,20"
296,marital-status,0.8799017315355309,Married-civ-spouse,21377.0,0.9231833489040365,16,0.5006339896181216,1.0981679796573465,"7,10,6,20"
297,marital-status,0.8799017315355309,Married-civ-spouse,21377.0,0.9231833489040365,17,0.37761845149380563,1.0981679796573465,"7,10,6,20"
298,marital-status,0.8799017315355309,Married-civ-spouse,21377.0,0.9231833489040365,18,0.5256089519420125,1.0981679796573465,"7,10,6,20"
299,marital-status,0.8799017315355309,Married-civ-spouse,21377.0,0.9231833489040365,19,0.47635241370824827,1.0981679796573465,"7,10,6,20"
300,marital-status,0.8799017315355309,Married-spouse-absent,553.0,2.0175722212733813,0,0.6511337270598998,1.0981679796573465,"7,10,6,20"
301,marital-status,0.8799017315355309,Married-spouse-absent,553.0,2.0175722212733813,1,0.8210409404558121,1.0981679796573465,"7,10,6,20"
302,marital-status,0.8799017315355309,Married-spouse-absent,553.0,2.0175722212733813,2,0.8892639240920219,1.0981679796573465,"7,10,6,20"
303,marital-status,0.8799017315355309,Married-spouse-absent,553.0,2.0175722212733813,3,0.9432511408423768,1.0981679796573465,"7,10,6,20"
304,marital-status,0.8799017315355309,Married-spouse-absent,553.0,2.0175722212733813,4,1.0038155130750464,1.0981679796573465,"7,10,6,20"
305,marital-status,0.8799017315355309,Married-spouse-absent,553.0,2.0175722212733813,5,0.9933174429388695,1.0981679796573465,"7,10,6,20"
306,marital-status,0.8799017315355309,Married-spouse-absent,553.0,2.0175722212733813,6,0.9856528685256075,1.0981679796573465,"7,10,6,20"
307,marital-status,0.8799017315355309,Married-spouse-absent,553.0,2.0175722212733813,7,0.9571837958717192,1.0981679796573465,"7,10,6,20"
308,marital-status,0.8799017315355309,Married-spouse-absent,553.0,2.0175722212733813,8,0.8953822432138075,1.0981679796573465,"7,10,6,20"
309,marital-status,0.8799017315355309,Married-spouse-absent,553.0,2.0175722212733813,9,0.7567073784552318,1.0981679796573465,"7,10,6,20"
310,marital-status,0.8799017315355309,Married-spouse-absent,553.0,2.0175722212733813,10,0.74125481438882,1.0981679796573465,"7,10,6,20"
311,marital-status,0.8799017315355309,Married-spouse-absent,553.0,2.0175722212733813,11,0.6621064830784946,1.0981679796573465,"7,10,6,20"
312,marital-status,0.8799017315355309,Married-spouse-absent,553.0,2.0175722212733813,12,0.5784254230126167,1.0981679796573465,"7,10,6,20"
313,marital-status,0.8799017315355309,Married-spouse-absent,553.0,2.0175722212733813,13,0.5096585259191355,1.0981679796573465,"7,10,6,20"
314,marital-status,0.8799017315355309,Married-spouse-absent,553.0,2.0175722212733813,14,0.4853688765191546,1.0981679796573465,"7,10,6,20"
315,marital-status,0.8799017315355309,Married-spouse-absent,553.0,2.0175722212733813,15,0.5056105330683189,1.0981679796573465,"7,10,6,20"
316,marital-status,0.8799017315355309,Married-spouse-absent,553.0,2.0175722212733813,16,0.5006339896181216,1.0981679796573465,"7,10,6,20"
317,marital-status,0.8799017315355309,Married-spouse-absent,553.0,2.0175722212733813,17,0.37761845149380563,1.0981679796573465,"7,10,6,20"
318,marital-status,0.8799017315355309,Married-spouse-absent,553.0,2.0175722212733813,18,0.5256089519420125,1.0981679796573465,"7,10,6,20"
319,marital-status,0.8799017315355309,Married-spouse-absent,553.0,2.0175722212733813,19,0.47635241370824827,1.0981679796573465,"7,10,6,20"
320,marital-status,0.8799017315355309,Never-married,14853.0,0.9270840204136213,0,0.6511337270598998,1.0981679796573465,"7,10,6,20"
321,marital-status,0.8799017315355309,Never-married,14853.0,0.9270840204136213,1,0.8210409404558121,1.0981679796573465,"7,10,6,20"
322,marital-status,0.8799017315355309,Never-married,14853.0,0.9270840204136213,2,0.8892639240920219,1.0981679796573465,"7,10,6,20"
323,marital-status,0.8799017315355309,Never-married,14853.0,0.9270840204136213,3,0.9432511408423768,1.0981679796573465,"7,10,6,20"
324,marital-status,0.8799017315355309,Never-married,14853.0,0.9270840204136213,4,1.0038155130750464,1.0981679796573465,"7,10,6,20"
325,marital-status,0.8799017315355309,Never-married,14853.0,0.9270840204136213,5,0.9933174429388695,1.0981679796573465,"7,10,6,20"
326,marital-status,0.8799017315355309,Never-married,14853.0,0.9270840204136213,6,0.9856528685256075,1.0981679796573465,"7,10,6,20"
327,marital-status,0.8799017315355309,Never-married,14853.0,0.9270840204136213,7,0.9571837958717192,1.0981679796573465,"7,10,6,20"
328,marital-status,0.8799017315355309,Never-married,14853.0,0.9270840204136213,8,0.8953822432138075,1.0981679796573465,"7,10,6,20"
329,marital-status,0.8799017315355309,Never-married,14853.0,0.9270840204136213,9,0.7567073784552318,1.0981679796573465,"7,10,6,20"
330,marital-status,0.8799017315355309,Never-married,14853.0,0.9270840204136213,10,0.74125481438882,1.0981679796573465,"7,10,6,20"
331,marital-status,0.8799017315355309,Never-married,14853.0,0.9270840204136213,11,0.6621064830784946,1.0981679796573465,"7,10,6,20"
332,marital-status,0.8799017315355309,Never-married,14853.0,0.9270840204136213,12,0.5784254230126167,1.0981679796573465,"7,10,6,20"
333,marital-status,0.8799017315355309,Never-married,14853.0,0.9270840204136213,13,0.5096585259191355,1.0981679796573465,"7,10,6,20"
334,marital-status,0.8799017315355309,Never-married,14853.0,0.9270840204136213,14,0.4853688765191546,1.0981679796573465,"7,10,6,20"
335,marital-status,0.8799017315355309,Never-married,14853.0,0.9270840204136213,15,0.5056105330683189,1.0981679796573465,"7,10,6,20"
336,marital-status,0.8799017315355309,Never-married,14853.0,0.9270840204136213,16,0.5006339896181216,1.0981679796573465,"7,10,6,20"
337,marital-status,0.8799017315355309,Never-married,14853.0,0.9270840204136213,17,0.37761845149380563,1.0981679796573465,"7,10,6,20"
338,marital-status,0.8799017315355309,Never-married,14853.0,0.9270840204136213,18,0.5256089519420125,1.0981679796573465,"7,10,6,20"
339,marital-status,0.8799017315355309,Never-married,14853.0,0.9270840204136213,19,0.47635241370824827,1.0981679796573465,"7,10,6,20"
340,marital-status,0.8799017315355309,Separated,1413.0,1.5759121929977722,0,0.6511337270598998,1.0981679796573465,"7,10,6,20"
341,marital-status,0.8799017315355309,Separated,1413.0,1.5759121929977722,1,0.8210409404558121,1.0981679796573465,"7,10,6,20"
342,marital-status,0.8799017315355309,Separated,1413.0,1.5759121929977722,2,0.8892639240920219,1.0981679796573465,"7,10,6,20"
343,marital-status,0.8799017315355309,Separated,1413.0,1.5759121929977722,3,0.9432511408423768,1.0981679796573465,"7,10,6,20"
344,marital-status,0.8799017315355309,Separated,1413.0,1.5759121929977722,4,1.0038155130750464,1.0981679796573465,"7,10,6,20"
345,marital-status,0.8799017315355309,Separated,1413.0,1.5759121929977722,5,0.9933174429388695,1.0981679796573465,"7,10,6,20"
346,marital-status,0.8799017315355309,Separated,1413.0,1.5759121929977722,6,0.9856528685256075,1.0981679796573465,"7,10,6,20"
347,marital-status,0.8799017315355309,Separated,1413.0,1.5759121929977722,7,0.9571837958717192,1.0981679796573465,"7,10,6,20"
348,marital-status,0.8799017315355309,Separated,1413.0,1.5759121929977722,8,0.8953822432138075,1.0981679796573465,"7,10,6,20"
349,marital-status,0.8799017315355309,Separated,1413.0,1.5759121929977722,9,0.7567073784552318,1.0981679796573465,"7,10,6,20"
350,marital-status,0.8799017315355309,Separated,1413.0,1.5759121929977722,10,0.74125481438882,1.0981679796573465,"7,10,6,20"
351,marital-status,0.8799017315355309,Separated,1413.0,1.5759121929977722,11,0.6621064830784946,1.0981679796573465,"7,10,6,20"
352,marital-status,0.8799017315355309,Separated,1413.0,1.5759121929977722,12,0.5784254230126167,1.0981679796573465,"7,10,6,20"
353,marital-status,0.8799017315355309,Separated,1413.0,1.5759121929977722,13,0.5096585259191355,1.0981679796573465,"7,10,6,20"
354,marital-status,0.8799017315355309,Separated,1413.0,1.5759121929977722,14,0.4853688765191546,1.0981679796573465,"7,10,6,20"
355,marital-status,0.8799017315355309,Separated,1413.0,1.5759121929977722,15,0.5056105330683189,1.0981679796573465,"7,10,6,20"
356,marital-status,0.8799017315355309,Separated,1413.0,1.5759121929977722,16,0.5006339896181216,1.0981679796573465,"7,10,6,20"
357,marital-status,0.8799017315355309,Separated,1413.0,1.5759121929977722,17,0.37761845149380563,1.0981679796573465,"7,10,6,20"
358,marital-status,0.8799017315355309,Separated,1413.0,1.5759121929977722,18,0.5256089519420125,1.0981679796573465,"7,10,6,20"
359,marital-status,0.8799017315355309,Separated,1413.0,1.5759121929977722,19,0.47635241370824827,1.0981679796573465,"7,10,6,20"
360,marital-status,0.8799017315355309,Widowed,1278.0,1.754226634932242,0,0.6511337270598998,1.0981679796573465,"7,10,6,20"
361,marital-status,0.8799017315355309,Widowed,1278.0,1.754226634932242,1,0.8210409404558121,1.0981679796573465,"7,10,6,20"
362,marital-status,0.8799017315355309,Widowed,1278.0,1.754226634932242,2,0.8892639240920219,1.0981679796573465,"7,10,6,20"
363,marital-status,0.8799017315355309,Widowed,1278.0,1.754226634932242,3,0.9432511408423768,1.0981679796573465,"7,10,6,20"
364,marital-status,0.8799017315355309,Widowed,1278.0,1.754226634932242,4,1.0038155130750464,1.0981679796573465,"7,10,6,20"
365,marital-status,0.8799017315355309,Widowed,1278.0,1.754226634932242,5,0.9933174429388695,1.0981679796573465,"7,10,6,20"
366,marital-status,0.8799017315355309,Widowed,1278.0,1.754226634932242,6,0.9856528685256075,1.0981679796573465,"7,10,6,20"
367,marital-status,0.8799017315355309,Widowed,1278.0,1.754226634932242,7,0.9571837958717192,1.0981679796573465,"7,10,6,20"
368,marital-status,0.8799017315355309,Widowed,1278.0,1.754226634932242,8,0.8953822432138075,1.0981679796573465,"7,10,6,20"
369,marital-status,0.8799017315355309,Widowed,1278.0,1.754226634932242,9,0.7567073784552318,1.0981679796573465,"7,10,6,20"
370,marital-status,0.8799017315355309,Widowed,1278.0,1.754226634932242,10,0.74125481438882,1.0981679796573465,"7,10,6,20"
371,marital-status,0.8799017315355309,Widowed,1278.0,1.754226634932242,11,0.6621064830784946,1.0981679796573465,"7,10,6,20"
372,marital-status,0.8799017315355309,Widowed,1278.0,1.754226634932242,12,0.5784254230126167,1.0981679796573465,"7,10,6,20"
373,marital-status,0.8799017315355309,Widowed,1278.0,1.754226634932242,13,0.5096585259191355,1.0981679796573465,"7,10,6,20"
374,marital-status,0.8799017315355309,Widowed,1278.0,1.754226634932242,14,0.4853688765191546,1.0981679796573465,"7,10,6,20"
375,marital-status,0.8799017315355309,Widowed,1278.0,1.754226634932242,15,0.5056105330683189,1.0981679796573465,"7,10,6,20"
376,marital-status,0.8799017315355309,Widowed,1278.0,1.754226634932242,16,0.5006339896181216,1.0981679796573465,"7,10,6,20"
377,marital-status,0.8799017315355309,Widowed,1278.0,1.754226634932242,17,0.37761845149380563,1.0981679796573465,"7,10,6,20"
378,marital-status,0.8799017315355309,Widowed,1278.0,1.754226634932242,18,0.5256089519420125,1.0981679796573465,"7,10,6,20"
379,marital-status,0.8799017315355309,Widowed,1278.0,1.754226634932242,19,0.47635241370824827,1.0981679796573465,"7,10,6,20"
